No.,Date,Time,Header,Data,Unit
1,24/10/2024,10:32:54,ST,0,g
2,24/10/2024,10:47:49,ST,-969.7,g
3,24/10/2024,11:02:49,ST,1285.1,g
4,24/10/2024,11:17:49,ST,1297.6,g
5,24/10/2024,11:32:49,ST,1291.8,g
6,24/10/2024,11:47:49,ST,1282.4,g
7,24/10/2024,12:02:49,ST,1279.6,g
8,24/10/2024,12:17:49,ST,1278.5,g
9,24/10/2024,12:32:49,ST,1276.5,g
10,24/10/2024,12:47:49,ST,1274.5,g
11,24/10/2024,13:02:49,ST,1273.7,g
12,24/10/2024,13:17:49,ST,1272.7,g
13,24/10/2024,13:32:49,ST,1271.7,g
14,24/10/2024,13:47:49,ST,1269.6,g
15,24/10/2024,14:02:49,ST,1267.6,g
16,24/10/2024,14:17:49,ST,1266.6,g
17,24/10/2024,14:32:49,ST,1265.6,g
18,24/10/2024,14:47:49,ST,1264.6,g
19,24/10/2024,15:02:49,ST,1263.6,g
20,24/10/2024,15:17:49,ST,1262.6,g
21,24/10/2024,15:32:49,ST,1260.5,g
22,24/10/2024,15:47:49,ST,1259.5,g
23,24/10/2024,16:02:49,ST,1257.4,g
24,24/10/2024,16:17:49,ST,1257.4,g
25,24/10/2024,16:32:49,ST,1256.3,g
26,24/10/2024,16:47:49,ST,1254,g
27,24/10/2024,17:02:49,ST,1253,g
28,24/10/2024,17:17:49,ST,1252,g
29,24/10/2024,17:32:49,ST,1251,g
30,24/10/2024,17:47:49,ST,1250,g
31,24/10/2024,18:02:49,ST,1249,g
32,25/10/2024,13:35:12,ST,1310,g
33,25/10/2024,13:50:12,ST,1308,g
34,25/10/2024,14:05:12,ST,1306,g
35,25/10/2024,14:20:12,ST,1304.9,g
36,25/10/2024,14:35:12,ST,1302.9,g
37,25/10/2024,14:50:12,ST,1301.9,g
38,25/10/2024,15:05:12,ST,1299.9,g
39,25/10/2024,15:20:12,ST,1298.9,g
40,25/10/2024,15:35:12,ST,1298.6,g
41,25/10/2024,15:50:12,ST,1295.5,g
42,25/10/2024,16:05:12,ST,1294.5,g
43,25/10/2024,16:20:12,ST,1292.5,g
44,25/10/2024,16:35:12,ST,1291.4,g
45,25/10/2024,16:50:12,ST,1290.4,g
46,25/10/2024,17:05:12,ST,1288.4,g
47,25/10/2024,17:20:12,ST,1287.4,g
48,25/10/2024,17:35:12,ST,1286.4,g
49,25/10/2024,17:50:12,ST,1284.4,g
50,25/10/2024,18:05:12,ST,1283.4,g
51,25/10/2024,18:20:12,ST,1282.4,g
52,25/10/2024,18:35:12,ST,1280.3,g
53,25/10/2024,18:50:12,ST,1279.3,g
54,25/10/2024,19:05:12,ST,1278.3,g
55,25/10/2024,19:20:12,ST,1277.3,g
56,25/10/2024,19:35:12,ST,1275.3,g
57,25/10/2024,19:50:12,ST,1274.3,g
58,25/10/2024,20:05:12,ST,1273.3,g
59,25/10/2024,20:20:12,ST,1272.3,g
60,25/10/2024,20:35:12,ST,1271.2,g
61,25/10/2024,20:50:12,ST,1270.2,g
62,25/10/2024,21:05:12,ST,1269.2,g
63,25/10/2024,21:20:12,ST,1268.2,g
64,25/10/2024,21:35:12,ST,1266.2,g
65,25/10/2024,21:50:12,ST,1265.2,g
66,25/10/2024,22:05:12,ST,1265.2,g
67,25/10/2024,22:20:12,ST,1264.2,g
68,25/10/2024,22:35:12,ST,1263.2,g
69,25/10/2024,22:50:12,ST,1262.2,g
70,25/10/2024,23:05:12,ST,1261.1,g
71,25/10/2024,23:20:12,ST,1261.1,g
72,25/10/2024,23:35:12,ST,1261.1,g
73,25/10/2024,23:50:12,ST,1261.1,g
74,26/10/2024,00:05:12,ST,1261.1,g
75,26/10/2024,00:20:12,ST,1261.1,g
76,26/10/2024,00:35:12,ST,1261.1,g
77,26/10/2024,00:50:12,ST,1261.1,g
78,26/10/2024,01:05:12,ST,1260.1,g
79,26/10/2024,01:20:12,ST,1260.1,g
80,26/10/2024,01:35:12,ST,1260.1,g
81,26/10/2024,01:50:12,ST,1260.1,g
82,26/10/2024,02:05:12,ST,1259.1,g
83,26/10/2024,02:20:12,ST,1259.1,g
84,26/10/2024,02:35:12,ST,1259.1,g
85,26/10/2024,02:50:12,ST,1259.1,g
86,26/10/2024,03:05:12,ST,1259.1,g
87,26/10/2024,03:20:12,ST,1259.1,g
88,26/10/2024,03:35:12,ST,1258.1,g
89,26/10/2024,03:50:12,ST,1258.1,g
90,26/10/2024,04:05:12,ST,1258.1,g
91,26/10/2024,04:20:12,ST,1258.1,g
92,26/10/2024,04:35:12,ST,1258.1,g
93,26/10/2024,04:50:12,ST,1258.1,g
94,26/10/2024,05:05:12,ST,1258.1,g
95,26/10/2024,05:20:12,ST,1258.1,g
96,26/10/2024,05:35:12,ST,1257.1,g
97,26/10/2024,05:50:12,ST,1257.1,g
98,26/10/2024,06:05:12,ST,1257.1,g
99,26/10/2024,06:20:12,ST,1257.1,g
100,26/10/2024,06:35:12,ST,1257.1,g
101,26/10/2024,06:50:12,ST,1257.1,g
102,26/10/2024,07:05:12,ST,1256.1,g
103,26/10/2024,07:20:12,ST,1255.1,g
104,26/10/2024,07:35:12,ST,1254.1,g
105,26/10/2024,07:50:12,ST,1253.1,g
106,26/10/2024,08:05:12,ST,1253.1,g
107,26/10/2024,08:20:12,ST,1252.1,g
108,26/10/2024,08:35:12,ST,1251.1,g
109,26/10/2024,08:50:12,ST,1250,g
110,26/10/2024,09:05:12,ST,1249,g
111,26/10/2024,09:20:12,ST,1248,g
112,26/10/2024,09:35:12,ST,1248,g
113,26/10/2024,09:50:12,ST,1247,g
114,26/10/2024,10:05:12,ST,1245,g
115,26/10/2024,10:20:12,ST,1244,g
116,26/10/2024,10:35:12,ST,1243,g
117,26/10/2024,10:50:12,ST,1241,g
118,26/10/2024,11:05:12,ST,1239.9,g
119,26/10/2024,11:20:12,ST,1237.9,g
120,26/10/2024,11:35:12,ST,1236.9,g
121,26/10/2024,11:50:12,ST,1235.9,g
122,26/10/2024,12:05:12,ST,1233.9,g
123,26/10/2024,12:20:12,ST,1231.9,g
124,26/10/2024,12:35:12,ST,1229.8,g
125,26/10/2024,12:50:12,ST,1228.8,g
126,26/10/2024,13:05:12,ST,1226.8,g
127,26/10/2024,13:20:12,ST,1225.8,g
128,26/10/2024,13:35:12,ST,1223.8,g
129,26/10/2024,13:50:12,ST,1221.8,g
130,26/10/2024,14:05:12,ST,1220.8,g
131,26/10/2024,14:20:12,ST,1218.7,g
132,26/10/2024,14:35:12,ST,1217.7,g
133,26/10/2024,14:50:12,ST,1215.7,g
134,26/10/2024,15:05:12,ST,1214.7,g
135,26/10/2024,15:19:21,ST,1212.7,g
136,26/10/2024,15:34:21,ST,1211.7,g
137,26/10/2024,15:49:21,ST,1209.6,g
138,26/10/2024,16:04:21,ST,1207.6,g
139,26/10/2024,16:19:21,ST,1206.6,g
140,26/10/2024,16:34:21,ST,1204.6,g
141,26/10/2024,16:49:21,ST,1203.6,g
142,26/10/2024,17:04:21,ST,1202.6,g
143,26/10/2024,17:19:21,ST,1200.6,g
144,26/10/2024,17:34:21,ST,1199.5,g
145,26/10/2024,17:49:21,ST,1197.5,g
146,26/10/2024,18:04:21,ST,1196.5,g
147,26/10/2024,18:19:21,ST,1195.5,g
148,26/10/2024,18:34:21,ST,1193.5,g
149,26/10/2024,18:49:21,ST,1192.5,g
150,26/10/2024,19:04:21,ST,1190.5,g
151,26/10/2024,19:19:21,ST,1189.4,g
152,26/10/2024,19:34:21,ST,1187.4,g
153,26/10/2024,19:49:21,ST,1186.4,g
154,26/10/2024,20:04:21,ST,1185.4,g
155,26/10/2024,20:19:21,ST,1183.4,g
156,26/10/2024,20:34:21,ST,1182.4,g
157,26/10/2024,20:49:21,ST,1181.4,g
158,26/10/2024,21:04:21,ST,1179.3,g
159,26/10/2024,21:19:21,ST,1178.3,g
160,26/10/2024,21:34:21,ST,1177.3,g
161,26/10/2024,21:49:21,ST,1176.3,g
162,26/10/2024,22:04:21,ST,1175.3,g
163,26/10/2024,22:19:21,ST,1174.3,g
164,26/10/2024,22:34:21,ST,1172.3,g
165,26/10/2024,22:49:21,ST,1172.3,g
166,26/10/2024,23:04:21,ST,1171.3,g
167,26/10/2024,23:19:21,ST,1171.3,g
168,26/10/2024,23:34:21,ST,1171.3,g
169,26/10/2024,23:49:21,ST,1171.3,g
170,27/10/2024,00:04:21,ST,1171.3,g
171,27/10/2024,00:19:21,ST,1171.3,g
172,27/10/2024,00:34:21,ST,1170.3,g
173,27/10/2024,00:49:21,ST,1170.3,g
174,27/10/2024,01:04:21,ST,1170.3,g
175,27/10/2024,01:19:21,ST,1169.2,g
176,27/10/2024,01:34:21,ST,1169.2,g
177,27/10/2024,01:49:21,ST,1169.2,g
178,27/10/2024,02:04:21,ST,1169.2,g
179,27/10/2024,02:19:21,ST,1169.2,g
180,27/10/2024,02:34:21,ST,1168.2,g
181,27/10/2024,02:49:21,ST,1168.2,g
182,27/10/2024,02:04:21,ST,1168.2,g
183,27/10/2024,02:19:21,ST,1168.2,g
184,27/10/2024,02:34:21,ST,1168.2,g
185,27/10/2024,02:49:21,ST,1168.2,g
186,27/10/2024,03:04:21,ST,1168.2,g
187,27/10/2024,03:19:21,ST,1167.2,g
188,27/10/2024,03:34:21,ST,1167.2,g
189,27/10/2024,03:49:21,ST,1167.2,g
190,27/10/2024,04:04:21,ST,1167.2,g
191,27/10/2024,04:19:21,ST,1167.2,g
192,27/10/2024,04:34:21,ST,1167.2,g
193,27/10/2024,04:49:21,ST,1166.2,g
194,27/10/2024,05:04:21,ST,1166.2,g
195,27/10/2024,05:19:21,ST,1166.2,g
196,27/10/2024,05:34:21,ST,1166.2,g
197,27/10/2024,05:49:21,ST,1166.2,g
198,27/10/2024,06:04:21,ST,1166.2,g
199,27/10/2024,06:19:21,ST,1165.2,g
200,27/10/2024,06:34:21,ST,1165.2,g
201,27/10/2024,06:49:21,ST,1165.2,g
202,27/10/2024,07:04:21,ST,1164.2,g
203,27/10/2024,07:19:21,ST,1162.2,g
204,27/10/2024,07:34:21,ST,1162.2,g
205,27/10/2024,07:49:21,ST,1161.2,g
206,27/10/2024,08:04:21,ST,1160.2,g
207,27/10/2024,08:19:21,ST,1159.1,g
208,27/10/2024,08:34:21,ST,1158.1,g
209,27/10/2024,08:49:21,ST,1157.1,g
210,27/10/2024,09:04:21,ST,1156.1,g
211,27/10/2024,09:19:21,ST,1155.1,g
212,27/10/2024,09:34:21,ST,1153.1,g
213,27/10/2024,09:49:21,ST,1152.1,g
214,27/10/2024,10:04:21,ST,1150.1,g
215,27/10/2024,10:19:21,ST,1149,g
216,27/10/2024,10:34:21,ST,1147,g
217,27/10/2024,10:49:21,ST,1145,g
218,27/10/2024,11:04:21,ST,1144,g
219,27/10/2024,11:19:21,ST,1142,g
220,27/10/2024,11:34:21,ST,1140,g
221,27/10/2024,11:49:21,ST,1137.9,g
222,27/10/2024,12:04:21,ST,1136.9,g
223,27/10/2024,12:19:21,ST,1134.9,g
224,27/10/2024,12:34:21,ST,1132.9,g
225,27/10/2024,12:49:21,ST,1130.9,g
226,27/10/2024,13:04:21,ST,1128.8,g
227,27/10/2024,13:19:21,ST,1126.8,g
228,27/10/2024,13:34:21,ST,1124.8,g
229,27/10/2024,13:49:21,ST,1122.8,g
230,27/10/2024,14:04:21,ST,1120.8,g
231,27/10/2024,14:19:21,ST,1119.8,g
232,27/10/2024,14:34:21,ST,1117.7,g
233,27/10/2024,14:49:21,ST,1115.6,g
234,27/10/2024,15:04:21,ST,1111.6,g
235,27/10/2024,15:19:21,ST,1109.5,g
236,27/10/2024,15:34:21,ST,1107.5,g
237,27/10/2024,15:49:21,ST,1105.5,g
238,27/10/2024,16:04:21,ST,1103.5,g
239,27/10/2024,16:19:21,ST,1101.5,g
240,27/10/2024,16:34:21,ST,1099.4,g
241,27/10/2024,16:49:21,ST,1098.4,g
242,27/10/2024,17:04:21,ST,1096.4,g
243,27/10/2024,17:19:21,ST,1094.4,g
244,27/10/2024,17:34:21,ST,1093.4,g
245,27/10/2024,17:49:21,ST,1091.4,g
246,27/10/2024,18:04:21,ST,1090.4,g
247,27/10/2024,18:19:21,ST,1088.3,g
248,27/10/2024,18:34:21,ST,1086.3,g
249,27/10/2024,18:49:21,ST,1085.3,g
250,27/10/2024,19:04:21,ST,1083.3,g
251,27/10/2024,19:19:21,ST,1082.3,g
252,27/10/2024,19:34:21,ST,1081.3,g
253,27/10/2024,19:49:21,ST,1079.2,g
254,27/10/2024,20:04:21,ST,1078.2,g
255,27/10/2024,20:19:21,ST,1076.2,g
256,27/10/2024,20:34:21,ST,1075.2,g
257,27/10/2024,20:49:21,ST,1074.2,g
258,27/10/2024,21:04:21,ST,1073.2,g
259,27/10/2024,21:19:21,ST,1072.2,g
260,27/10/2024,21:34:21,ST,1071.2,g
261,27/10/2024,21:49:21,ST,1070.2,g
262,27/10/2024,22:04:21,ST,1069.1,g
263,27/10/2024,22:19:21,ST,1068.1,g
264,27/10/2024,22:34:21,ST,1067.1,g
265,27/10/2024,22:49:21,ST,1066.1,g
266,27/10/2024,23:04:21,ST,1066.1,g
267,27/10/2024,23:19:21,ST,1066.1,g
268,27/10/2024,23:34:21,ST,1066.1,g
269,27/10/2024,23:49:21,ST,1066.1,g
270,28/10/2024,00:04:21,ST,1066.1,g
271,28/10/2024,00:19:21,ST,1066.1,g
272,28/10/2024,00:34:21,ST,1066.1,g
273,28/10/2024,00:49:21,ST,1066.1,g
274,28/10/2024,01:04:21,ST,1066.1,g
275,28/10/2024,01:19:21,ST,1065.1,g
276,28/10/2024,01:34:21,ST,1065.1,g
277,28/10/2024,01:49:21,ST,1065.1,g
278,28/10/2024,02:04:21,ST,1065.1,g
279,28/10/2024,02:19:21,ST,1065.1,g
280,28/10/2024,02:34:21,ST,1065.1,g
281,28/10/2024,02:49:21,ST,1065.1,g
282,28/10/2024,03:04:21,ST,1065.1,g
283,28/10/2024,03:19:21,ST,1065.1,g
284,28/10/2024,03:34:21,ST,1064.1,g
285,28/10/2024,03:49:21,ST,1064.1,g
286,28/10/2024,04:04:21,ST,1064.1,g
287,28/10/2024,04:19:21,ST,1064.1,g
288,28/10/2024,04:34:21,ST,1064.1,g
289,28/10/2024,04:49:21,ST,1064.1,g
290,28/10/2024,05:04:21,ST,1064.1,g
291,28/10/2024,05:19:21,ST,1064.1,g
292,28/10/2024,05:34:21,ST,1064.1,g
293,28/10/2024,05:49:21,ST,1064.1,g
294,28/10/2024,06:04:21,ST,1063.1,g
295,28/10/2024,06:19:21,ST,1063.1,g
296,28/10/2024,06:34:21,ST,1063.1,g
297,28/10/2024,06:49:21,ST,1063.1,g
298,28/10/2024,07:04:21,ST,1062.1,g
299,28/10/2024,07:19:21,ST,1060.1,g
300,28/10/2024,07:34:21,ST,1059,g
301,28/10/2024,07:49:21,ST,1058,g
302,28/10/2024,08:04:21,ST,1057,g
303,28/10/2024,08:19:21,ST,1056,g
304,28/10/2024,08:34:21,ST,1208.8,g
305,28/10/2024,08:49:21,ST,1209.1,g
306,28/10/2024,09:04:21,ST,1207.1,g
307,28/10/2024,09:19:21,ST,1206.1,g
308,28/10/2024,09:34:21,ST,1205.1,g
309,28/10/2024,09:49:21,ST,1204.1,g
310,28/10/2024,10:04:21,ST,1202,g
311,28/10/2024,10:19:21,ST,1200,g
312,28/10/2024,10:34:21,ST,1198,g
313,28/10/2024,10:49:21,ST,1196,g
314,28/10/2024,11:04:21,ST,1193,g
315,28/10/2024,11:19:21,ST,1190.9,g
316,28/10/2024,11:34:21,ST,1188.9,g
317,28/10/2024,11:49:21,ST,1186.9,g
318,28/10/2024,12:04:21,ST,1184.9,g
319,28/10/2024,12:19:21,ST,1182.9,g
320,28/10/2024,12:34:21,ST,1179.8,g
321,28/10/2024,12:49:21,ST,1177.8,g
322,28/10/2024,13:04:21,ST,1175.8,g
323,28/10/2024,13:19:21,ST,1173.8,g
324,28/10/2024,13:34:21,ST,1170.7,g
325,28/10/2024,13:49:21,ST,1168.7,g
326,28/10/2024,14:04:21,ST,1166.7,g
327,28/10/2024,14:19:21,ST,1164.7,g
328,28/10/2024,14:34:21,ST,1162.7,g
329,28/10/2024,14:49:21,ST,1161.6,g
330,28/10/2024,15:04:21,ST,1159.6,g
331,28/10/2024,15:19:21,ST,1157.6,g
332,28/10/2024,15:34:21,ST,1155.6,g
333,28/10/2024,15:49:21,ST,1154.6,g
334,28/10/2024,16:04:21,ST,1215.8,g
335,28/10/2024,16:19:21,ST,1212.7,g
336,28/10/2024,16:34:21,ST,1210.7,g
337,28/10/2024,16:49:21,ST,1208.7,g
338,28/10/2024,17:04:21,ST,1206.7,g
339,28/10/2024,17:19:21,ST,1204.7,g
340,28/10/2024,17:34:21,ST,1203.7,g
341,28/10/2024,17:49:21,ST,1201.6,g
342,28/10/2024,18:04:21,ST,1199.6,g
343,28/10/2024,18:19:21,ST,1198.6,g
344,28/10/2024,18:34:21,ST,1196.6,g
345,28/10/2024,18:49:21,ST,1195.6,g
346,28/10/2024,19:04:21,ST,1193.6,g
347,28/10/2024,19:19:21,ST,1191.5,g
348,28/10/2024,19:34:21,ST,1190.5,g
349,28/10/2024,19:49:21,ST,1188.5,g
350,28/10/2024,20:04:21,ST,1187.5,g
351,28/10/2024,20:19:21,ST,1186.5,g
352,28/10/2024,20:34:21,ST,1184.5,g
353,28/10/2024,20:49:21,ST,1183.5,g
354,28/10/2024,21:04:21,ST,1181.4,g
355,28/10/2024,21:19:21,ST,1180.4,g
356,28/10/2024,21:34:21,ST,1179.4,g
357,28/10/2024,21:49:21,ST,1178.4,g
358,28/10/2024,22:04:21,ST,1176.4,g
359,28/10/2024,22:19:21,ST,1175.4,g
360,28/10/2024,22:34:21,ST,1174.4,g
361,28/10/2024,22:49:21,ST,1173.4,g
362,28/10/2024,23:04:21,ST,1173.4,g
363,28/10/2024,23:19:21,ST,1173.4,g
364,28/10/2024,23:34:21,ST,1173.4,g
365,28/10/2024,23:49:21,ST,1173.4,g
366,29/10/2024,00:04:21,ST,1173.4,g
367,29/10/2024,00:19:21,ST,1172.3,g
368,29/10/2024,00:34:21,ST,1172.3,g
369,29/10/2024,00:49:21,ST,1172.3,g
370,29/10/2024,01:04:21,ST,1171.3,g
371,29/10/2024,01:19:21,ST,1171.3,g
372,29/10/2024,01:34:21,ST,1171.3,g
373,29/10/2024,01:49:21,ST,1171.3,g
374,29/10/2024,02:04:21,ST,1170.3,g
375,29/10/2024,02:19:21,ST,1170.3,g
376,29/10/2024,02:34:21,ST,1170.3,g
377,29/10/2024,02:49:21,ST,1170.3,g
378,29/10/2024,03:04:21,ST,1170.3,g
379,29/10/2024,03:19:21,ST,1169.3,g
380,29/10/2024,03:34:21,ST,1169.3,g
381,29/10/2024,03:49:21,ST,1169.3,g
382,29/10/2024,04:04:21,ST,1169.3,g
383,29/10/2024,04:19:21,ST,1169.3,g
384,29/10/2024,04:34:21,ST,1169.3,g
385,29/10/2024,04:49:21,ST,1169.3,g
386,29/10/2024,05:04:21,ST,1168.3,g
387,29/10/2024,05:19:21,ST,1168.3,g
388,29/10/2024,05:34:21,ST,1168.3,g
389,29/10/2024,05:49:21,ST,1168.3,g
390,29/10/2024,06:04:21,ST,1168.3,g
391,29/10/2024,06:19:21,ST,1168.3,g
392,29/10/2024,06:34:21,ST,1167.3,g
393,29/10/2024,06:49:21,ST,1167.3,g
394,29/10/2024,07:04:21,ST,1166.3,g
395,29/10/2024,07:19:21,ST,1164.3,g
396,29/10/2024,07:34:21,ST,1163.3,g
397,29/10/2024,07:49:21,ST,1162.2,g
398,29/10/2024,08:04:21,ST,1161.2,g
399,29/10/2024,08:19:21,ST,1160.2,g
400,29/10/2024,08:34:21,ST,1159.2,g
401,29/10/2024,08:49:21,ST,1157.2,g
402,29/10/2024,09:04:21,ST,1155.2,g
403,29/10/2024,09:19:21,ST,1154.2,g
404,29/10/2024,09:34:21,ST,1153.2,g
405,29/10/2024,09:49:21,ST,1151.1,g
406,29/10/2024,10:04:21,ST,1149.1,g
407,29/10/2024,10:19:21,ST,1147.1,g
408,29/10/2024,10:34:21,ST,1146.1,g
409,29/10/2024,10:49:21,ST,1143.1,g
410,29/10/2024,11:04:21,ST,1142,g
411,29/10/2024,11:19:21,ST,1140,g
412,29/10/2024,11:34:21,ST,1138,g
413,29/10/2024,11:49:21,ST,1135,g
414,29/10/2024,12:04:21,ST,1133,g
415,29/10/2024,12:19:21,ST,1129.9,g
416,29/10/2024,12:34:21,ST,1126.9,g
417,29/10/2024,12:49:21,ST,1123.9,g
418,29/10/2024,13:04:21,ST,1121.9,g
419,29/10/2024,13:19:21,ST,1118.9,g
420,29/10/2024,13:34:21,ST,1116.9,g
421,29/10/2024,13:49:21,ST,1114.9,g
422,29/10/2024,14:04:21,ST,1111.8,g
423,29/10/2024,14:19:21,ST,1109.8,g
424,29/10/2024,14:34:21,ST,1107.8,g
425,29/10/2024,14:49:21,ST,1105.8,g
426,29/10/2024,15:04:21,ST,1104.8,g
427,29/10/2024,15:19:21,ST,1263.6,g
428,29/10/2024,15:34:21,ST,1261.5,g
429,29/10/2024,15:49:21,ST,1259.5,g
430,29/10/2024,16:04:21,ST,1257.5,g
431,29/10/2024,16:19:21,ST,1256.5,g
432,29/10/2024,16:34:21,ST,1254.5,g
433,29/10/2024,16:49:21,ST,1252.4,g
434,29/10/2024,17:04:21,ST,1250.4,g
435,29/10/2024,17:19:21,ST,1249.4,g
436,29/10/2024,17:34:21,ST,1247.4,g
437,29/10/2024,17:49:21,ST,1246.4,g
438,29/10/2024,18:04:21,ST,1244.4,g
439,29/10/2024,18:19:21,ST,1240.7,g
440,29/10/2024,18:34:21,ST,1238.7,g
441,29/10/2024,18:49:21,ST,1237.7,g
442,29/10/2024,19:04:21,ST,1235.6,g
443,29/10/2024,19:19:21,ST,1233.6,g
444,29/10/2024,19:34:21,ST,1232.6,g
445,29/10/2024,19:49:21,ST,1230.6,g
446,29/10/2024,20:04:21,ST,1229.6,g
447,29/10/2024,20:19:21,ST,1227.6,g
448,29/10/2024,20:34:21,ST,1226.5,g
449,29/10/2024,20:49:21,ST,1224.5,g
450,29/10/2024,21:04:21,ST,1223.5,g
451,29/10/2024,21:19:21,ST,1222.5,g
452,29/10/2024,21:34:21,ST,1220.5,g
453,29/10/2024,21:49:21,ST,1219.5,g
454,29/10/2024,22:04:21,ST,1217.5,g
455,29/10/2024,22:19:21,ST,1216.4,g
456,29/10/2024,22:34:21,ST,1215.4,g
457,29/10/2024,22:49:21,ST,1213.4,g
458,29/10/2024,23:04:21,ST,1213.4,g
459,29/10/2024,23:19:21,ST,1213.4,g
460,29/10/2024,23:34:21,ST,1213.4,g
461,29/10/2024,23:49:21,ST,1213.4,g
462,30/10/2024,00:04:21,ST,1213.4,g
463,30/10/2024,00:19:21,ST,1213.4,g
464,30/10/2024,00:34:21,ST,1213.4,g
465,30/10/2024,00:49:21,ST,1213.4,g
466,30/10/2024,01:04:21,ST,1212.4,g
467,30/10/2024,01:19:21,ST,1212.4,g
468,30/10/2024,01:34:21,ST,1212.4,g
469,30/10/2024,01:49:21,ST,1211.4,g
470,30/10/2024,02:04:21,ST,1211.4,g
471,30/10/2024,02:19:21,ST,1211.4,g
472,30/10/2024,02:34:21,ST,1211.4,g
473,30/10/2024,02:49:21,ST,1211.4,g
474,30/10/2024,03:04:21,ST,1211.4,g
475,30/10/2024,03:19:21,ST,1210.4,g
476,30/10/2024,03:34:21,ST,1210.4,g
477,30/10/2024,03:49:21,ST,1210.4,g
478,30/10/2024,04:04:21,ST,1210.4,g
479,30/10/2024,04:19:21,ST,1210.4,g
480,30/10/2024,04:34:21,ST,1210.4,g
481,30/10/2024,04:49:21,ST,1210.4,g
482,30/10/2024,05:04:21,ST,1209.4,g
483,30/10/2024,05:19:21,ST,1209.4,g
484,30/10/2024,05:34:21,ST,1209.4,g
485,30/10/2024,05:49:21,ST,1209.4,g
486,30/10/2024,06:04:21,ST,1209.4,g
487,30/10/2024,06:19:21,ST,1209.4,g
488,30/10/2024,06:34:21,ST,1208.4,g
489,30/10/2024,06:49:21,ST,1208.4,g
490,30/10/2024,07:04:21,ST,1207.4,g
491,30/10/2024,07:19:21,ST,1206.3,g
492,30/10/2024,07:34:21,ST,1204.3,g
493,30/10/2024,07:49:21,ST,1203.3,g
494,30/10/2024,08:04:21,ST,1202.3,g
495,30/10/2024,08:19:21,ST,1201.3,g
496,30/10/2024,08:34:21,ST,1200.3,g
497,30/10/2024,08:49:21,ST,1199.3,g
498,30/10/2024,09:04:21,ST,1197.3,g
499,30/10/2024,09:19:21,ST,1196.2,g
500,30/10/2024,09:34:21,ST,1194.2,g
501,30/10/2024,09:49:21,ST,1193.2,g
502,30/10/2024,10:04:21,ST,1191.2,g
503,30/10/2024,10:19:21,ST,1190.2,g
504,30/10/2024,10:34:21,ST,1188.2,g
505,30/10/2024,10:49:21,ST,1186.1,g
506,30/10/2024,11:04:21,ST,1185.1,g
507,30/10/2024,11:19:21,ST,1183.1,g
508,30/10/2024,11:34:21,ST,1181.1,g
509,30/10/2024,11:49:21,ST,1179.1,g
510,30/10/2024,12:04:21,ST,1177.1,g
511,30/10/2024,12:19:21,ST,1175,g
512,30/10/2024,12:34:21,ST,1173,g
513,30/10/2024,12:49:21,ST,1171,g
514,30/10/2024,13:04:21,ST,1169,g
515,30/10/2024,13:19:21,ST,1167,g
516,30/10/2024,13:34:21,ST,1164.9,g
517,30/10/2024,13:49:21,ST,1161.9,g
518,30/10/2024,14:04:21,ST,1159.9,g
519,30/10/2024,14:19:21,ST,1157.9,g
520,30/10/2024,14:34:21,ST,1154.8,g
521,30/10/2024,14:49:21,ST,1152.8,g
522,30/10/2024,15:04:21,ST,1150.8,g
523,30/10/2024,15:19:21,ST,1148.8,g
524,30/10/2024,15:34:21,ST,1146.8,g
525,30/10/2024,15:49:21,ST,1144.7,g
526,30/10/2024,16:04:21,ST,1142.7,g
527,30/10/2024,16:19:21,ST,1216.9,g
528,30/10/2024,16:34:21,ST,1215.9,g
529,30/10/2024,16:49:21,ST,1213.9,g
530,30/10/2024,17:04:21,ST,1211.8,g
531,30/10/2024,17:19:21,ST,1209.8,g
532,30/10/2024,17:34:21,ST,1207.8,g
533,30/10/2024,17:49:21,ST,1206.8,g
534,30/10/2024,18:04:21,ST,1204.8,g
535,30/10/2024,18:19:21,ST,1202.8,g
536,30/10/2024,18:34:21,ST,1201.7,g
537,30/10/2024,18:49:21,ST,1199.7,g
538,30/10/2024,19:04:21,ST,1197.7,g
539,30/10/2024,19:19:21,ST,1195.7,g
540,30/10/2024,19:34:21,ST,1194.7,g
541,30/10/2024,19:49:21,ST,1192.7,g
542,30/10/2024,20:04:21,ST,1190.6,g
543,30/10/2024,20:19:21,ST,1188.6,g
544,30/10/2024,20:34:21,ST,1187.6,g
545,30/10/2024,20:49:21,ST,1185.6,g
546,30/10/2024,21:04:21,ST,1184.6,g
547,30/10/2024,21:19:21,ST,1182.6,g
548,30/10/2024,21:34:21,ST,1181.5,g
549,30/10/2024,21:49:21,ST,1179.5,g
550,30/10/2024,22:04:21,ST,1178.5,g
551,30/10/2024,22:19:21,ST,1177.5,g
552,30/10/2024,22:34:21,ST,1175.5,g
553,30/10/2024,22:49:21,ST,1174.5,g
554,30/10/2024,23:04:21,ST,1174.5,g
555,30/10/2024,23:19:21,ST,1174.5,g
556,30/10/2024,23:34:21,ST,1174.5,g
557,30/10/2024,23:49:21,ST,1174.5,g
558,31/10/2024,00:04:21,ST,1174.5,g
559,31/10/2024,00:19:21,ST,1174.5,g
560,31/10/2024,00:34:21,ST,1174.5,g
561,31/10/2024,00:49:21,ST,1174.5,g
562,31/10/2024,01:04:21,ST,1174.5,g
563,31/10/2024,01:19:21,ST,1173.5,g
564,31/10/2024,01:34:21,ST,1173.5,g
565,31/10/2024,01:49:21,ST,1173.5,g
566,31/10/2024,02:04:21,ST,1173.5,g
567,31/10/2024,02:19:21,ST,1172.5,g
568,31/10/2024,02:34:21,ST,1172.5,g
569,31/10/2024,02:49:21,ST,1172.5,g
570,31/10/2024,03:04:21,ST,1172.5,g
571,31/10/2024,03:19:21,ST,1172.5,g
572,31/10/2024,03:34:21,ST,1172.5,g
573,31/10/2024,03:49:21,ST,1172.5,g
574,31/10/2024,04:04:21,ST,1171.4,g
575,31/10/2024,04:19:21,ST,1171.4,g
576,31/10/2024,04:34:21,ST,1171.4,g
577,31/10/2024,04:49:21,ST,1171.4,g
578,31/10/2024,05:04:21,ST,1171.4,g
579,31/10/2024,05:19:21,ST,1171.4,g
580,31/10/2024,05:34:21,ST,1171.4,g
581,31/10/2024,05:49:21,ST,1170.4,g
582,31/10/2024,06:04:21,ST,1170.4,g
583,31/10/2024,06:19:21,ST,1170.4,g
584,31/10/2024,06:34:21,ST,1170.4,g
585,31/10/2024,06:49:21,ST,1169.4,g
586,31/10/2024,07:04:21,ST,1168.4,g
587,31/10/2024,07:19:21,ST,1166.4,g
588,31/10/2024,07:34:21,ST,1165.4,g
589,31/10/2024,07:49:21,ST,1164.4,g
590,31/10/2024,08:04:21,ST,1163.4,g
591,31/10/2024,08:19:21,ST,1162.4,g
592,31/10/2024,08:34:21,ST,1160.3,g
593,31/10/2024,08:49:21,ST,1159.3,g
594,31/10/2024,09:04:21,ST,1157.3,g
595,31/10/2024,09:19:21,ST,1156.3,g
596,31/10/2024,09:34:21,ST,1154.2,g
597,31/10/2024,09:49:21,ST,1152.2,g
598,31/10/2024,10:04:21,ST,1151.2,g
599,31/10/2024,10:19:21,ST,1198.8,g
600,31/10/2024,10:34:21,ST,1196.7,g
601,31/10/2024,10:49:21,ST,1194.7,g
602,31/10/2024,11:04:21,ST,1192.7,g
603,31/10/2024,11:19:21,ST,1190.7,g
604,31/10/2024,11:34:21,ST,1188.7,g
605,31/10/2024,11:49:21,ST,1185.6,g
606,31/10/2024,12:04:21,ST,1183.6,g
607,31/10/2024,12:19:21,ST,1180.6,g
608,31/10/2024,12:34:21,ST,1178.6,g
609,31/10/2024,12:49:21,ST,1175.5,g
610,31/10/2024,13:04:21,ST,1174.2,g
611,31/10/2024,13:19:21,ST,1171.1,g
612,31/10/2024,13:34:21,ST,1168.1,g
613,31/10/2024,13:49:21,ST,1165.1,g
614,31/10/2024,14:04:21,ST,1162.1,g
615,31/10/2024,14:19:21,ST,1161,g
616,31/10/2024,14:34:21,ST,1159,g
617,31/10/2024,14:49:21,ST,1156,g
618,31/10/2024,15:04:21,ST,1154,g
619,31/10/2024,15:19:21,ST,1152,g
620,31/10/2024,15:34:21,ST,1149.9,g
621,31/10/2024,15:49:21,ST,1147.9,g
622,31/10/2024,16:04:21,ST,1144.9,g
623,31/10/2024,16:19:21,ST,1142.9,g
624,31/10/2024,16:34:21,ST,1140.8,g
625,31/10/2024,16:49:21,ST,1138.8,g
626,31/10/2024,17:04:21,ST,1136.8,g
627,31/10/2024,17:19:21,ST,1134.8,g
628,31/10/2024,17:34:21,ST,1132.8,g
629,31/10/2024,17:49:21,ST,1130.7,g
630,31/10/2024,18:04:21,ST,1128.7,g
631,31/10/2024,18:19:21,ST,1126.7,g
632,31/10/2024,18:34:21,ST,1124.7,g
633,31/10/2024,18:49:21,ST,1123.7,g
634,31/10/2024,19:04:21,ST,1121.7,g
635,31/10/2024,19:19:21,ST,1119.6,g
636,31/10/2024,19:34:21,ST,1117.6,g
637,31/10/2024,19:49:21,ST,1116.6,g
638,31/10/2024,20:04:21,ST,1114.6,g
639,31/10/2024,20:19:21,ST,1112.6,g
640,31/10/2024,20:34:21,ST,1111.6,g
641,31/10/2024,20:49:21,ST,1109.5,g
642,31/10/2024,21:04:21,ST,1108.5,g
643,31/10/2024,21:19:21,ST,1106.5,g
644,31/10/2024,21:34:21,ST,1105.5,g
645,31/10/2024,21:49:21,ST,1103.5,g
646,31/10/2024,22:04:21,ST,1102.4,g
647,31/10/2024,22:19:21,ST,1100.4,g
648,31/10/2024,22:34:21,ST,1099.4,g
649,31/10/2024,22:49:21,ST,1098.4,g
650,31/10/2024,23:04:21,ST,1098.4,g
651,31/10/2024,23:19:21,ST,1098.4,g
652,31/10/2024,23:34:21,ST,1098.4,g
653,31/10/2024,23:49:21,ST,1098.4,g
654,01/11/2024,00:04:21,ST,1098.4,g
655,01/11/2024,00:19:21,ST,1098.4,g
656,01/11/2024,00:34:21,ST,1098.4,g
657,01/11/2024,00:49:21,ST,1098.4,g
658,01/11/2024,01:04:21,ST,1098.4,g
659,01/11/2024,01:19:21,ST,1098.4,g
660,01/11/2024,01:34:21,ST,1097.4,g
661,01/11/2024,01:49:21,ST,1097.4,g
662,01/11/2024,02:04:21,ST,1097.4,g
663,01/11/2024,02:19:21,ST,1097.4,g
664,01/11/2024,02:34:21,ST,1097.4,g
665,01/11/2024,02:49:21,ST,1097.4,g
666,01/11/2024,03:04:21,ST,1097.4,g
667,01/11/2024,03:19:21,ST,1096.4,g
668,01/11/2024,03:34:21,ST,1096.4,g
669,01/11/2024,03:49:21,ST,1096.4,g
670,01/11/2024,04:04:21,ST,1096.4,g
671,01/11/2024,04:19:21,ST,1096.4,g
672,01/11/2024,04:34:21,ST,1096.4,g
673,01/11/2024,04:49:21,ST,1096.4,g
674,01/11/2024,05:04:21,ST,1096.4,g
675,01/11/2024,05:19:21,ST,1096.4,g
676,01/11/2024,05:34:21,ST,1096.4,g
677,01/11/2024,05:49:21,ST,1096.4,g
678,01/11/2024,06:04:21,ST,1095.4,g
679,01/11/2024,06:19:21,ST,1095.4,g
680,01/11/2024,06:34:21,ST,1095.4,g
681,01/11/2024,06:49:21,ST,1095.4,g
682,01/11/2024,07:04:21,ST,1093.4,g
683,01/11/2024,07:19:21,ST,1091.3,g
684,01/11/2024,07:34:21,ST,1090.3,g
685,01/11/2024,07:49:21,ST,1089.3,g
686,01/11/2024,08:04:21,ST,1087.3,g
687,01/11/2024,08:19:21,ST,1086.3,g
688,01/11/2024,08:34:21,ST,1084.3,g
689,01/11/2024,08:49:21,ST,1083.3,g
690,01/11/2024,09:04:21,ST,1082.2,g
691,01/11/2024,09:19:21,ST,1080.2,g
692,01/11/2024,09:34:21,ST,1079.2,g
693,01/11/2024,09:49:21,ST,1077.2,g
694,01/11/2024,10:04:21,ST,1076.2,g
695,01/11/2024,10:19:21,ST,1074.2,g
696,01/11/2024,10:34:21,ST,1072.1,g
697,01/11/2024,10:49:21,ST,1071.1,g
698,01/11/2024,11:04:21,ST,1069.1,g
699,01/11/2024,11:19:21,ST,1067.1,g
700,01/11/2024,11:34:21,ST,1065.1,g
701,01/11/2024,11:49:21,ST,1063.1,g
702,01/11/2024,12:04:21,ST,1061,g
703,01/11/2024,12:19:21,ST,1060,g
704,01/11/2024,12:34:21,ST,1058,g
705,01/11/2024,12:49:21,ST,1056,g
706,01/11/2024,13:04:21,ST,1054,g
707,01/11/2024,13:19:21,ST,1051.9,g
708,01/11/2024,13:34:21,ST,1049.9,g
709,01/11/2024,13:49:21,ST,1048.9,g
710,01/11/2024,14:04:21,ST,1046.9,g
711,01/11/2024,14:19:21,ST,1044.9,g
712,01/11/2024,14:34:21,ST,1042.9,g
713,01/11/2024,14:49:21,ST,1041.8,g
714,01/11/2024,15:04:21,ST,1039.8,g
715,01/11/2024,15:19:21,ST,1037.8,g
716,01/11/2024,15:34:21,ST,1035.8,g
717,01/11/2024,15:49:21,ST,1034.8,g
718,01/11/2024,16:04:21,ST,1032.8,g
719,01/11/2024,16:19:21,ST,1030.7,g
720,01/11/2024,16:34:21,ST,1029.7,g
721,01/11/2024,16:49:21,ST,1027.7,g
722,01/11/2024,17:04:21,ST,1025.7,g
723,01/11/2024,17:19:21,ST,1024.7,g
724,01/11/2024,17:34:21,ST,1022.7,g
725,01/11/2024,17:49:21,ST,1021.6,g
726,01/11/2024,18:04:21,ST,1019.6,g
727,01/11/2024,18:19:21,ST,1017.6,g
728,01/11/2024,18:34:21,ST,1016.6,g
729,01/11/2024,18:49:21,ST,1014.6,g
730,01/11/2024,19:04:21,ST,1013.6,g
731,01/11/2024,19:19:21,ST,1011.5,g
732,01/11/2024,19:34:21,ST,1010.5,g
733,01/11/2024,19:49:21,ST,1008.5,g
734,01/11/2024,20:04:21,ST,1007.5,g
735,01/11/2024,20:19:21,ST,1005.5,g
736,01/11/2024,20:34:21,ST,1004.5,g
737,01/11/2024,20:49:21,ST,1003.5,g
738,01/11/2024,21:04:21,ST,1002.5,g
739,01/11/2024,21:19:21,ST,1000.4,g
740,01/11/2024,21:34:21,ST,999.4,g
741,01/11/2024,21:49:21,ST,998.4,g
742,01/11/2024,22:04:21,ST,997.4,g
743,01/11/2024,22:19:21,ST,995.4,g
744,01/11/2024,22:34:21,ST,994.4,g
745,01/11/2024,22:49:21,ST,993.4,g
746,01/11/2024,23:04:21,ST,993.4,g
747,01/11/2024,23:19:21,ST,993.4,g
748,01/11/2024,23:34:21,ST,993.4,g
749,01/11/2024,23:49:21,ST,993.4,g
750,02/11/2024,00:04:21,ST,993.4,g
751,02/11/2024,00:19:21,ST,993.4,g
752,02/11/2024,00:34:21,ST,993.4,g
753,02/11/2024,00:49:21,ST,993.4,g
754,02/11/2024,01:04:21,ST,993.4,g
755,02/11/2024,01:19:21,ST,993.4,g
756,02/11/2024,01:34:21,ST,992.4,g
757,02/11/2024,01:49:21,ST,992.4,g
758,02/11/2024,02:04:21,ST,992.4,g
759,02/11/2024,02:19:21,ST,992.4,g
760,02/11/2024,02:34:21,ST,992.4,g
761,02/11/2024,02:49:21,ST,992.4,g
762,02/11/2024,03:04:21,ST,991.3,g
763,02/11/2024,03:19:21,ST,991.3,g
764,02/11/2024,03:34:21,ST,991.3,g
765,02/11/2024,03:49:21,ST,991.3,g
766,02/11/2024,04:04:21,ST,991.3,g
767,02/11/2024,04:19:21,ST,991.3,g
768,02/11/2024,04:34:21,ST,991.3,g
769,02/11/2024,04:49:21,ST,990.3,g
770,02/11/2024,05:04:21,ST,990.3,g
771,02/11/2024,05:19:21,ST,990.3,g
772,02/11/2024,05:34:21,ST,990.3,g
773,02/11/2024,05:49:21,ST,990.3,g
774,02/11/2024,06:04:21,ST,990.3,g
775,02/11/2024,06:19:21,ST,990.3,g
776,02/11/2024,06:34:21,ST,989.3,g
777,02/11/2024,06:49:21,ST,989.3,g
778,02/11/2024,07:04:21,ST,988.3,g
779,02/11/2024,07:19:21,ST,986.3,g
780,02/11/2024,07:34:21,ST,984.3,g
781,02/11/2024,07:49:21,ST,983.3,g
782,02/11/2024,08:04:21,ST,982.3,g
783,02/11/2024,08:19:21,ST,981.2,g
784,02/11/2024,08:34:21,ST,980.2,g
785,02/11/2024,08:49:21,ST,979.2,g
786,02/11/2024,09:04:21,ST,977.2,g
787,02/11/2024,09:19:21,ST,976.2,g
788,02/11/2024,09:34:21,ST,975.2,g
789,02/11/2024,09:49:21,ST,973.2,g
790,02/11/2024,10:04:21,ST,972.2,g
791,02/11/2024,10:19:21,ST,970.1,g
792,02/11/2024,10:34:21,ST,969.1,g
793,02/11/2024,10:49:21,ST,968.1,g
794,02/11/2024,11:04:21,ST,966.1,g
795,02/11/2024,11:19:21,ST,964.1,g
796,02/11/2024,11:34:21,ST,963.1,g
797,02/11/2024,11:49:21,ST,961,g
798,02/11/2024,12:04:21,ST,959,g
799,02/11/2024,12:19:21,ST,957,g
800,02/11/2024,12:34:21,ST,955,g
801,02/11/2024,12:49:21,ST,954,g
802,02/11/2024,13:04:21,ST,953,g
803,02/11/2024,13:19:21,ST,950.9,g
804,02/11/2024,13:34:21,ST,948.9,g
805,02/11/2024,13:49:21,ST,947.9,g
806,02/11/2024,14:04:21,ST,945.9,g
807,02/11/2024,14:19:21,ST,943.9,g
808,02/11/2024,14:34:21,ST,942.9,g
809,02/11/2024,14:49:21,ST,940.8,g
810,02/11/2024,15:04:21,ST,939.8,g
811,02/11/2024,15:19:21,ST,937.8,g
812,02/11/2024,15:34:21,ST,936.8,g
813,02/11/2024,15:49:21,ST,934.8,g
814,02/11/2024,16:04:21,ST,933.8,g
815,02/11/2024,16:19:21,ST,931.8,g
816,02/11/2024,16:34:21,ST,930.8,g
817,02/11/2024,16:49:21,ST,928.7,g
818,02/11/2024,17:04:21,ST,927.7,g
819,02/11/2024,17:19:21,ST,925.7,g
820,02/11/2024,17:34:21,ST,924.7,g
821,02/11/2024,17:49:21,ST,923.7,g
822,02/11/2024,18:04:21,ST,921.7,g
823,02/11/2024,18:19:21,ST,920.7,g
824,02/11/2024,18:34:21,ST,919.6,g
825,02/11/2024,18:49:21,ST,918.6,g
826,02/11/2024,19:04:21,ST,916.6,g
827,02/11/2024,19:19:21,ST,915.6,g
828,02/11/2024,19:34:21,ST,914.6,g
829,02/11/2024,19:49:21,ST,913.6,g
830,02/11/2024,20:04:21,ST,911.6,g
831,02/11/2024,20:19:21,ST,910.6,g
832,02/11/2024,20:34:21,ST,909.5,g
833,02/11/2024,20:49:21,ST,908.5,g
834,02/11/2024,21:04:21,ST,907.5,g
835,02/11/2024,21:19:21,ST,906.5,g
836,02/11/2024,21:34:21,ST,905.5,g
837,02/11/2024,21:49:21,ST,904.5,g
838,02/11/2024,22:04:21,ST,903.5,g
839,02/11/2024,22:19:21,ST,902.5,g
840,02/11/2024,22:34:21,ST,901.5,g
841,02/11/2024,22:49:21,ST,900.5,g
842,02/11/2024,23:04:21,ST,900.5,g
843,02/11/2024,23:19:21,ST,901.5,g
844,02/11/2024,23:34:21,ST,901.5,g
845,02/11/2024,23:49:21,ST,901.5,g
846,03/11/2024,00:04:21,ST,902.5,g
847,03/11/2024,00:19:21,ST,902.5,g
848,03/11/2024,00:34:21,ST,902.5,g
849,03/11/2024,00:49:21,ST,902.5,g
850,03/11/2024,01:04:21,ST,902.5,g
851,03/11/2024,01:19:21,ST,902.5,g
852,03/11/2024,01:34:21,ST,902.5,g
853,03/11/2024,01:49:21,ST,902.5,g
854,03/11/2024,02:04:21,ST,901.5,g
855,03/11/2024,02:19:21,ST,901.5,g
856,03/11/2024,02:34:21,ST,901.5,g
857,03/11/2024,02:49:21,ST,901.5,g
858,03/11/2024,03:04:21,ST,901.5,g
859,03/11/2024,03:19:21,ST,901.5,g
860,03/11/2024,03:34:21,ST,901.5,g
861,03/11/2024,03:49:21,ST,901.5,g
862,03/11/2024,04:04:21,ST,901.5,g
863,03/11/2024,04:19:21,ST,900.5,g
864,03/11/2024,04:34:21,ST,900.5,g
865,03/11/2024,04:49:21,ST,900.5,g
866,03/11/2024,05:04:21,ST,900.5,g
867,03/11/2024,05:19:21,ST,900.5,g
868,03/11/2024,05:34:21,ST,900.5,g
869,03/11/2024,05:49:21,ST,900.5,g
870,03/11/2024,06:04:21,ST,900.5,g
871,03/11/2024,06:19:21,ST,900.5,g
872,03/11/2024,06:34:21,ST,899.4,g
873,03/11/2024,06:49:21,ST,899.4,g
874,03/11/2024,07:04:21,ST,898.4,g
875,03/11/2024,07:19:21,ST,896.4,g
876,03/11/2024,07:34:21,ST,895.4,g
877,03/11/2024,07:49:21,ST,894.4,g
878,03/11/2024,08:04:21,ST,892.4,g
879,03/11/2024,08:19:21,ST,891.4,g
880,03/11/2024,08:34:21,ST,890.4,g
881,03/11/2024,08:49:21,ST,889.3,g
882,03/11/2024,09:04:21,ST,888.3,g
883,03/11/2024,09:19:21,ST,887.3,g
884,03/11/2024,09:34:21,ST,886.3,g
885,03/11/2024,09:49:21,ST,885.3,g
886,03/11/2024,10:04:21,ST,1062.5,g
887,03/11/2024,10:19:21,ST,1062.5,g
888,03/11/2024,10:34:21,ST,1061.5,g
889,03/11/2024,10:49:21,ST,1060.5,g
890,03/11/2024,11:04:21,ST,1059.5,g
891,03/11/2024,11:19:21,ST,1057.4,g
892,03/11/2024,11:34:21,ST,1055.4,g
893,03/11/2024,11:49:21,ST,1053.4,g
894,03/11/2024,12:04:21,ST,1052.4,g
895,03/11/2024,12:19:21,ST,1050.4,g
896,03/11/2024,12:34:21,ST,1048.4,g
897,03/11/2024,12:49:21,ST,1046.3,g
898,03/11/2024,13:04:21,ST,1044.3,g
899,03/11/2024,13:19:21,ST,1043.3,g
900,03/11/2024,13:34:21,ST,1041.3,g
901,03/11/2024,13:49:21,ST,1039.3,g
902,03/11/2024,14:04:21,ST,1037.2,g
903,03/11/2024,14:19:21,ST,1034.2,g
904,03/11/2024,14:34:21,ST,1033.2,g
905,03/11/2024,14:49:21,ST,1030.2,g
906,03/11/2024,15:04:21,ST,1028.2,g
907,03/11/2024,15:19:21,ST,1026.1,g
908,03/11/2024,15:34:21,ST,1024.1,g
909,03/11/2024,15:49:21,ST,1022.1,g
910,03/11/2024,16:04:21,ST,1020.1,g
911,03/11/2024,16:19:21,ST,1019.1,g
912,03/11/2024,16:34:21,ST,1017,g
913,03/11/2024,16:49:21,ST,1015,g
914,03/11/2024,17:04:21,ST,1014,g
915,03/11/2024,17:19:21,ST,1012,g
916,03/11/2024,17:34:21,ST,1011,g
917,03/11/2024,17:49:21,ST,1009,g
918,03/11/2024,18:04:21,ST,1006.9,g
919,03/11/2024,18:19:21,ST,1005.9,g
920,03/11/2024,18:34:21,ST,1003.9,g
921,03/11/2024,18:49:21,ST,1002.9,g
922,03/11/2024,19:04:21,ST,1001.9,g
923,03/11/2024,19:19:21,ST,999.9,g
924,03/11/2024,19:34:21,ST,998.9,g
925,03/11/2024,19:49:21,ST,996.8,g
926,03/11/2024,20:04:21,ST,995.8,g
927,03/11/2024,20:19:21,ST,994.8,g
928,03/11/2024,20:34:21,ST,993.8,g
929,03/11/2024,20:49:21,ST,991.8,g
930,03/11/2024,21:04:21,ST,990.8,g
931,03/11/2024,21:19:21,ST,989.8,g
932,03/11/2024,21:34:21,ST,988.8,g
933,03/11/2024,21:49:21,ST,987.8,g
934,03/11/2024,22:04:21,ST,986.7,g
935,03/11/2024,22:19:21,ST,984.7,g
936,03/11/2024,22:34:21,ST,983.7,g
937,03/11/2024,22:49:21,ST,982.7,g
938,03/11/2024,23:04:21,ST,982.7,g
939,03/11/2024,23:19:21,ST,982.7,g
940,03/11/2024,23:34:21,ST,982.7,g
941,03/11/2024,23:49:21,ST,982.7,g
942,04/11/2024,00:04:21,ST,982.7,g
943,04/11/2024,00:19:21,ST,982.7,g
944,04/11/2024,00:34:21,ST,982.7,g
945,04/11/2024,00:49:21,ST,982.7,g
946,04/11/2024,01:04:21,ST,982.7,g
947,04/11/2024,01:19:21,ST,982.7,g
948,04/11/2024,01:34:21,ST,981.7,g
949,04/11/2024,01:49:21,ST,981.7,g
950,04/11/2024,02:04:21,ST,981.7,g
951,04/11/2024,02:19:21,ST,981.7,g
952,04/11/2024,02:34:21,ST,981.7,g
953,04/11/2024,02:49:21,ST,980.7,g
954,04/11/2024,03:04:21,ST,980.7,g
955,04/11/2024,03:19:21,ST,980.7,g
956,04/11/2024,03:34:21,ST,980.7,g
957,04/11/2024,03:49:21,ST,980.7,g
958,04/11/2024,04:04:21,ST,980.7,g
959,04/11/2024,04:19:21,ST,980.7,g
960,04/11/2024,04:34:21,ST,979.7,g
961,04/11/2024,04:49:21,ST,979.7,g
962,04/11/2024,05:04:21,ST,979.7,g
963,04/11/2024,05:19:21,ST,979.7,g
964,04/11/2024,05:34:21,ST,979.7,g
965,04/11/2024,05:49:21,ST,979.7,g
966,04/11/2024,06:04:21,ST,979.7,g
967,04/11/2024,06:19:21,ST,979.7,g
968,04/11/2024,06:34:21,ST,978.7,g
969,04/11/2024,06:49:21,ST,978.7,g
970,04/11/2024,07:04:21,ST,977.7,g
971,04/11/2024,07:19:21,ST,976.6,g
972,04/11/2024,07:34:21,ST,975.6,g
973,04/11/2024,07:49:21,ST,974.6,g
974,04/11/2024,08:04:21,ST,973.6,g
975,04/11/2024,08:19:21,ST,972.6,g
976,04/11/2024,08:34:21,ST,971.6,g
977,04/11/2024,08:49:21,ST,970.6,g
978,04/11/2024,09:04:21,ST,969.6,g
979,04/11/2024,09:19:21,ST,968.6,g
980,04/11/2024,09:34:21,ST,967.6,g
981,04/11/2024,09:49:21,ST,965.5,g
982,04/11/2024,10:04:21,ST,964.5,g
983,04/11/2024,10:19:21,ST,963.5,g
984,04/11/2024,10:34:21,ST,962.5,g
985,04/11/2024,10:49:21,ST,960.5,g
986,04/11/2024,11:04:21,ST,959.5,g
987,04/11/2024,11:19:21,ST,957.5,g
988,04/11/2024,11:34:21,ST,956.5,g
