"Plant_ID","Date","Hour","Med_W","Time","DateTime","dW","dt","Tr"
1,"2024-10-24",12,1011.3,"12:00:00",2024-10-24 12:00:00,4,1,4
1,"2024-10-24",13,1006.75,"13:00:00",2024-10-24 13:00:00,4.54999999999995,1,4.54999999999995
1,"2024-10-24",14,1002.2,"14:00:00",2024-10-24 14:00:00,4.54999999999995,1,4.54999999999995
1,"2024-10-24",15,998.2,"15:00:00",2024-10-24 15:00:00,4,1,4
1,"2024-10-24",16,995.1,"16:00:00",2024-10-24 16:00:00,3.10000000000002,1,3.10000000000002
1,"2024-10-24",17,992.1,"17:00:00",2024-10-24 17:00:00,3,1,3
1,"2024-10-24",18,989.6,"18:00:00",2024-10-24 18:00:00,2.5,1,2.5
1,"2024-10-25",14,950.7,"14:00:00",2024-10-25 14:00:00,3,1,3
1,"2024-10-25",15,947.65,"15:00:00",2024-10-25 15:00:00,3.04999999999995,1,3.04999999999995
1,"2024-10-25",16,944.6,"16:00:00",2024-10-25 16:00:00,3.05000000000007,1,3.05000000000007
1,"2024-10-25",17,941.6,"17:00:00",2024-10-25 17:00:00,3,1,3
1,"2024-10-25",18,938.6,"18:00:00",2024-10-25 18:00:00,3,1,3
1,"2024-10-25",19,936,"19:00:00",2024-10-25 19:00:00,2.60000000000002,1,2.60000000000002
1,"2024-10-25",20,934,"20:00:00",2024-10-25 20:00:00,2,1,2
1,"2024-10-25",21,931.5,"21:00:00",2024-10-25 21:00:00,2.5,1,2.5
1,"2024-10-25",22,929.5,"22:00:00",2024-10-25 22:00:00,2,1,2
1,"2024-10-25",23,929,"23:00:00",2024-10-25 23:00:00,0.5,1,0.5
1,"2024-10-26",0,929,"00:00:00",2024-10-26,0,1,0
1,"2024-10-26",1,929,"01:00:00",2024-10-26 01:00:00,0,1,0
1,"2024-10-26",2,929,"02:00:00",2024-10-26 02:00:00,0,1,0
1,"2024-10-26",3,928,"03:00:00",2024-10-26 03:00:00,1,1,1
1,"2024-10-26",4,928,"04:00:00",2024-10-26 04:00:00,0,1,0
1,"2024-10-26",5,926.9,"05:00:00",2024-10-26 05:00:00,1.10000000000002,1,1.10000000000002
1,"2024-10-26",6,926.9,"06:00:00",2024-10-26 06:00:00,0,1,0
1,"2024-10-26",7,924.9,"07:00:00",2024-10-26 07:00:00,2,1,2
1,"2024-10-26",8,922.9,"08:00:00",2024-10-26 08:00:00,2,1,2
1,"2024-10-26",9,920.9,"09:00:00",2024-10-26 09:00:00,2,1,2
1,"2024-10-26",10,918.4,"10:00:00",2024-10-26 10:00:00,2.5,1,2.5
1,"2024-10-26",11,915.3,"11:00:00",2024-10-26 11:00:00,3.10000000000002,1,3.10000000000002
1,"2024-10-26",12,912.8,"12:00:00",2024-10-26 12:00:00,2.5,1,2.5
1,"2024-10-26",13,910.8,"13:00:00",2024-10-26 13:00:00,2,1,2
1,"2024-10-26",14,908.8,"14:00:00",2024-10-26 14:00:00,2,1,2
1,"2024-10-26",15,906.2,"15:00:00",2024-10-26 15:00:00,2.59999999999991,1,2.59999999999991
1,"2024-10-26",16,903.7,"16:00:00",2024-10-26 16:00:00,2.5,1,2.5
1,"2024-10-26",17,901.7,"17:00:00",2024-10-26 17:00:00,2,1,2
1,"2024-10-26",18,899.7,"18:00:00",2024-10-26 18:00:00,2,1,2
1,"2024-10-26",19,897.7,"19:00:00",2024-10-26 19:00:00,2,1,2
1,"2024-10-26",20,895.6,"20:00:00",2024-10-26 20:00:00,2.10000000000002,1,2.10000000000002
1,"2024-10-26",21,894.1,"21:00:00",2024-10-26 21:00:00,1.5,1,1.5
1,"2024-10-26",22,892.6,"22:00:00",2024-10-26 22:00:00,1.5,1,1.5
1,"2024-10-26",23,891.6,"23:00:00",2024-10-26 23:00:00,1,1,1
1,"2024-10-27",0,891.6,"00:00:00",2024-10-27,0,1,0
1,"2024-10-27",1,891.6,"01:00:00",2024-10-27 01:00:00,0,1,0
1,"2024-10-27",2,891.6,"02:00:00",2024-10-27 02:00:00,0,1,0
1,"2024-10-27",3,890.6,"03:00:00",2024-10-27 03:00:00,1,2,0.5
1,"2024-10-27",4,890.6,"04:00:00",2024-10-27 04:00:00,0,1,0
1,"2024-10-27",5,890.1,"05:00:00",2024-10-27 05:00:00,0.5,1,0.5
1,"2024-10-27",6,889.6,"06:00:00",2024-10-27 06:00:00,0.5,1,0.5
1,"2024-10-27",7,887.1,"07:00:00",2024-10-27 07:00:00,2.5,1,2.5
1,"2024-10-27",8,885,"08:00:00",2024-10-27 08:00:00,2.10000000000002,1,2.10000000000002
1,"2024-10-27",9,883,"09:00:00",2024-10-27 09:00:00,2,1,2
1,"2024-10-27",10,881,"10:00:00",2024-10-27 10:00:00,2,1,2
1,"2024-10-27",11,879,"11:00:00",2024-10-27 11:00:00,2,1,2
1,"2024-10-27",12,876.9,"12:00:00",2024-10-27 12:00:00,2.10000000000002,1,2.10000000000002
1,"2024-10-27",13,874.9,"13:00:00",2024-10-27 13:00:00,2,1,2
1,"2024-10-27",14,873.4,"14:00:00",2024-10-27 14:00:00,1.5,1,1.5
1,"2024-10-27",16,1000.8,"16:00:00",2024-10-27 16:00:00,2.10000000000002,1,2.10000000000002
1,"2024-10-27",17,998.3,"17:00:00",2024-10-27 17:00:00,2.5,1,2.5
1,"2024-10-27",18,995.8,"18:00:00",2024-10-27 18:00:00,2.5,1,2.5
1,"2024-10-27",19,992.8,"19:00:00",2024-10-27 19:00:00,3,1,3
1,"2024-10-27",20,989.7,"20:00:00",2024-10-27 20:00:00,3.09999999999991,1,3.09999999999991
1,"2024-10-27",21,987.2,"21:00:00",2024-10-27 21:00:00,2.5,1,2.5
1,"2024-10-27",22,984.7,"22:00:00",2024-10-27 22:00:00,2.5,1,2.5
1,"2024-10-27",23,984.2,"23:00:00",2024-10-27 23:00:00,0.5,1,0.5
1,"2024-10-28",0,984.2,"00:00:00",2024-10-28,0,1,0
1,"2024-10-28",1,984.2,"01:00:00",2024-10-28 01:00:00,0,1,0
1,"2024-10-28",2,984.2,"02:00:00",2024-10-28 02:00:00,0,1,0
1,"2024-10-28",3,983.2,"03:00:00",2024-10-28 03:00:00,1,1,1
1,"2024-10-28",4,983.2,"04:00:00",2024-10-28 04:00:00,0,1,0
1,"2024-10-28",5,982.7,"05:00:00",2024-10-28 05:00:00,0.5,1,0.5
1,"2024-10-28",6,982.2,"06:00:00",2024-10-28 06:00:00,0.5,1,0.5
1,"2024-10-28",7,979.6,"07:00:00",2024-10-28 07:00:00,2.60000000000002,1,2.60000000000002
1,"2024-10-28",8,977.1,"08:00:00",2024-10-28 08:00:00,2.5,1,2.5
1,"2024-10-28",9,974.6,"09:00:00",2024-10-28 09:00:00,2.5,1,2.5
1,"2024-10-28",10,971.05,"10:00:00",2024-10-28 10:00:00,3.55000000000007,1,3.55000000000007
1,"2024-10-28",11,966,"11:00:00",2024-10-28 11:00:00,5.04999999999995,1,5.04999999999995
1,"2024-10-28",12,962.5,"12:00:00",2024-10-28 12:00:00,3.5,1,3.5
1,"2024-10-28",13,958.4,"13:00:00",2024-10-28 13:00:00,4.10000000000002,1,4.10000000000002
1,"2024-10-28",14,955.4,"14:00:00",2024-10-28 14:00:00,3,1,3
1,"2024-10-28",15,951.9,"15:00:00",2024-10-28 15:00:00,3.5,1,3.5
1,"2024-10-28",16,949.2,"16:00:00",2024-10-28 16:00:00,2.69999999999993,1,2.69999999999993
1,"2024-10-28",17,945.7,"17:00:00",2024-10-28 17:00:00,3.5,1,3.5
1,"2024-10-28",18,942.6,"18:00:00",2024-10-28 18:00:00,3.10000000000002,1,3.10000000000002
1,"2024-10-28",19,940.1,"19:00:00",2024-10-28 19:00:00,2.5,1,2.5
1,"2024-10-28",20,937.1,"20:00:00",2024-10-28 20:00:00,3,1,3
1,"2024-10-28",21,934,"21:00:00",2024-10-28 21:00:00,3.10000000000002,1,3.10000000000002
1,"2024-10-28",22,932,"22:00:00",2024-10-28 22:00:00,2,1,2
1,"2024-10-28",23,932,"23:00:00",2024-10-28 23:00:00,0,1,0
1,"2024-10-29",0,932.5,"00:00:00",2024-10-29,-0.5,1,-0.5
1,"2024-10-29",1,932.5,"01:00:00",2024-10-29 01:00:00,0,1,0
1,"2024-10-29",2,931.5,"02:00:00",2024-10-29 02:00:00,1,1,1
1,"2024-10-29",3,931.5,"03:00:00",2024-10-29 03:00:00,0,1,0
1,"2024-10-29",4,931.5,"04:00:00",2024-10-29 04:00:00,0,1,0
1,"2024-10-29",5,930.5,"05:00:00",2024-10-29 05:00:00,1,1,1
1,"2024-10-29",6,930.5,"06:00:00",2024-10-29 06:00:00,0,1,0
1,"2024-10-29",7,927.5,"07:00:00",2024-10-29 07:00:00,3,1,3
1,"2024-10-29",8,924.95,"08:00:00",2024-10-29 08:00:00,2.54999999999995,1,2.54999999999995
1,"2024-10-29",9,921.4,"09:00:00",2024-10-29 09:00:00,3.55000000000007,1,3.55000000000007
1,"2024-10-29",10,918.9,"10:00:00",2024-10-29 10:00:00,2.5,1,2.5
1,"2024-10-29",11,914.85,"11:00:00",2024-10-29 11:00:00,4.05000000000007,1,4.05000000000007
1,"2024-10-29",12,910.8,"12:00:00",2024-10-29 12:00:00,4.04999999999995,1,4.04999999999995
1,"2024-10-29",13,907.8,"13:00:00",2024-10-29 13:00:00,3,1,3
1,"2024-10-29",14,904.75,"14:00:00",2024-10-29 14:00:00,3.04999999999995,1,3.04999999999995
1,"2024-10-29",15,901.7,"15:00:00",2024-10-29 15:00:00,3.04999999999995,1,3.04999999999995
1,"2024-10-29",16,899.7,"16:00:00",2024-10-29 16:00:00,2,1,2
1,"2024-10-29",17,896.65,"17:00:00",2024-10-29 17:00:00,3.04999999999995,1,3.04999999999995
1,"2024-10-29",19,1007,"19:00:00",2024-10-29 19:00:00,2.5,1,2.5
1,"2024-10-29",20,1003.9,"20:00:00",2024-10-29 20:00:00,3.10000000000002,1,3.10000000000002
1,"2024-10-29",21,1001.4,"21:00:00",2024-10-29 21:00:00,2.5,1,2.5
1,"2024-10-29",22,998.9,"22:00:00",2024-10-29 22:00:00,2.5,1,2.5
1,"2024-10-29",23,997.9,"23:00:00",2024-10-29 23:00:00,1,1,1
1,"2024-10-30",0,997.9,"00:00:00",2024-10-30,0,1,0
1,"2024-10-30",1,997.9,"01:00:00",2024-10-30 01:00:00,0,1,0
1,"2024-10-30",2,997.4,"02:00:00",2024-10-30 02:00:00,0.5,1,0.5
1,"2024-10-30",3,996.9,"03:00:00",2024-10-30 03:00:00,0.5,1,0.5
1,"2024-10-30",4,996.4,"04:00:00",2024-10-30 04:00:00,0.5,1,0.5
1,"2024-10-30",5,995.9,"05:00:00",2024-10-30 05:00:00,0.5,1,0.5
1,"2024-10-30",6,995.9,"06:00:00",2024-10-30 06:00:00,0,1,0
1,"2024-10-30",7,992.3,"07:00:00",2024-10-30 07:00:00,3.60000000000002,1,3.60000000000002
1,"2024-10-30",8,989.8,"08:00:00",2024-10-30 08:00:00,2.5,1,2.5
1,"2024-10-30",9,986.8,"09:00:00",2024-10-30 09:00:00,3,1,3
1,"2024-10-30",10,983.2,"10:00:00",2024-10-30 10:00:00,3.59999999999991,1,3.59999999999991
1,"2024-10-30",11,979.2,"11:00:00",2024-10-30 11:00:00,4,1,4
1,"2024-10-30",12,975.2,"12:00:00",2024-10-30 12:00:00,4,1,4
1,"2024-10-30",13,970.6,"13:00:00",2024-10-30 13:00:00,4.60000000000002,1,4.60000000000002
1,"2024-10-30",14,966.1,"14:00:00",2024-10-30 14:00:00,4.5,1,4.5
1,"2024-10-30",15,962,"15:00:00",2024-10-30 15:00:00,4.10000000000002,1,4.10000000000002
1,"2024-10-30",16,958,"16:00:00",2024-10-30 16:00:00,4,1,4
1,"2024-10-30",17,953.95,"17:00:00",2024-10-30 17:00:00,4.04999999999995,1,4.04999999999995
1,"2024-10-30",18,950.9,"18:00:00",2024-10-30 18:00:00,3.05000000000007,1,3.05000000000007
1,"2024-10-30",19,946.9,"19:00:00",2024-10-30 19:00:00,4,1,4
1,"2024-10-30",20,942.8,"20:00:00",2024-10-30 20:00:00,4.10000000000002,1,4.10000000000002
1,"2024-10-30",21,939.8,"21:00:00",2024-10-30 21:00:00,3,1,3
1,"2024-10-30",22,936.8,"22:00:00",2024-10-30 22:00:00,3,1,3
1,"2024-10-30",23,936.3,"23:00:00",2024-10-30 23:00:00,0.5,1,0.5
1,"2024-10-31",0,937.4,"00:00:00",2024-10-31,-1.10000000000002,1,-1.10000000000002
1,"2024-10-31",1,936.4,"01:00:00",2024-10-31 01:00:00,1,1,1
1,"2024-10-31",2,935.4,"02:00:00",2024-10-31 02:00:00,1,1,1
1,"2024-10-31",3,935.4,"03:00:00",2024-10-31 03:00:00,0,1,0
1,"2024-10-31",4,934.4,"04:00:00",2024-10-31 04:00:00,1,1,1
1,"2024-10-31",5,934.4,"05:00:00",2024-10-31 05:00:00,0,1,0
1,"2024-10-31",6,933.85,"06:00:00",2024-10-31 06:00:00,0.550000000000068,1,0.550000000000068
1,"2024-10-31",7,930.3,"07:00:00",2024-10-31 07:00:00,3.54999999999995,1,3.54999999999995
1,"2024-10-31",8,927.3,"08:00:00",2024-10-31 08:00:00,3,1,3
1,"2024-10-31",9,923.75,"09:00:00",2024-10-31 09:00:00,3.54999999999995,1,3.54999999999995
1,"2024-10-31",10,919.7,"10:00:00",2024-10-31 10:00:00,4.04999999999995,1,4.04999999999995
1,"2024-10-31",11,915.7,"11:00:00",2024-10-31 11:00:00,4,1,4
1,"2024-10-31",12,911.6,"12:00:00",2024-10-31 12:00:00,4.10000000000002,1,4.10000000000002
1,"2024-10-31",13,907.5,"13:00:00",2024-10-31 13:00:00,4.10000000000002,1,4.10000000000002
1,"2024-10-31",14,904.5,"14:00:00",2024-10-31 14:00:00,3,1,3
1,"2024-10-31",15,901.4,"15:00:00",2024-10-31 15:00:00,3.10000000000002,1,3.10000000000002
1,"2024-10-31",18,1004.4,"18:00:00",2024-10-31 18:00:00,3,1,3
1,"2024-10-31",19,1000.85,"19:00:00",2024-10-31 19:00:00,3.55000000000007,1,3.55000000000007
1,"2024-10-31",20,996.8,"20:00:00",2024-10-31 20:00:00,4.04999999999995,1,4.04999999999995
1,"2024-10-31",21,993.3,"21:00:00",2024-10-31 21:00:00,3.5,1,3.5
1,"2024-10-31",22,989.7,"22:00:00",2024-10-31 22:00:00,3.59999999999991,1,3.59999999999991
1,"2024-10-31",23,989.2,"23:00:00",2024-10-31 23:00:00,0.5,1,0.5
1,"2024-11-01",0,989.2,"00:00:00",2024-11-01,0,1,0
1,"2024-11-01",1,989.2,"01:00:00",2024-11-01 01:00:00,0,1,0
1,"2024-11-01",2,988.2,"02:00:00",2024-11-01 02:00:00,1,1,1
1,"2024-11-01",3,987.2,"03:00:00",2024-11-01 03:00:00,1,1,1
1,"2024-11-01",4,987.2,"04:00:00",2024-11-01 04:00:00,0,1,0
1,"2024-11-01",5,986.7,"05:00:00",2024-11-01 05:00:00,0.5,1,0.5
1,"2024-11-01",6,986.2,"06:00:00",2024-11-01 06:00:00,0.5,1,0.5
1,"2024-11-01",7,982.7,"07:00:00",2024-11-01 07:00:00,3.5,1,3.5
1,"2024-11-01",8,978.6,"08:00:00",2024-11-01 08:00:00,4.10000000000002,1,4.10000000000002
1,"2024-11-01",9,975.6,"09:00:00",2024-11-01 09:00:00,3,1,3
1,"2024-11-01",10,971.6,"10:00:00",2024-11-01 10:00:00,4,1,4
1,"2024-11-01",11,966.5,"11:00:00",2024-11-01 11:00:00,5.10000000000002,1,5.10000000000002
1,"2024-11-01",12,962.5,"12:00:00",2024-11-01 12:00:00,4,1,4
1,"2024-11-01",13,957.4,"13:00:00",2024-11-01 13:00:00,5.10000000000002,1,5.10000000000002
1,"2024-11-01",14,952.9,"14:00:00",2024-11-01 14:00:00,4.5,1,4.5
1,"2024-11-01",15,948.3,"15:00:00",2024-11-01 15:00:00,4.60000000000002,1,4.60000000000002
1,"2024-11-01",16,943.3,"16:00:00",2024-11-01 16:00:00,5,1,5
1,"2024-11-01",17,939.2,"17:00:00",2024-11-01 17:00:00,4.09999999999991,1,4.09999999999991
1,"2024-11-01",18,935.2,"18:00:00",2024-11-01 18:00:00,4,1,4
1,"2024-11-01",19,930.65,"19:00:00",2024-11-01 19:00:00,4.54999999999995,1,4.54999999999995
1,"2024-11-01",20,927.1,"20:00:00",2024-11-01 20:00:00,3.55000000000007,1,3.55000000000007
1,"2024-11-01",21,923.1,"21:00:00",2024-11-01 21:00:00,4,1,4
1,"2024-11-01",22,920.05,"22:00:00",2024-11-01 22:00:00,3.05000000000007,1,3.05000000000007
1,"2024-11-01",23,919.5,"23:00:00",2024-11-01 23:00:00,0.549999999999955,1,0.549999999999955
1,"2024-11-02",0,919.5,"00:00:00",2024-11-02,0,1,0
1,"2024-11-02",1,919.5,"01:00:00",2024-11-02 01:00:00,0,1,0
1,"2024-11-02",2,919,"02:00:00",2024-11-02 02:00:00,0.5,1,0.5
1,"2024-11-02",3,918.5,"03:00:00",2024-11-02 03:00:00,0.5,1,0.5
1,"2024-11-02",4,918,"04:00:00",2024-11-02 04:00:00,0.5,1,0.5
1,"2024-11-02",5,917.5,"05:00:00",2024-11-02 05:00:00,0.5,1,0.5
1,"2024-11-02",6,917,"06:00:00",2024-11-02 06:00:00,0.5,1,0.5
1,"2024-11-02",7,913,"07:00:00",2024-11-02 07:00:00,4,1,4
1,"2024-11-02",8,909.4,"08:00:00",2024-11-02 08:00:00,3.60000000000002,1,3.60000000000002
1,"2024-11-02",9,905.9,"09:00:00",2024-11-02 09:00:00,3.5,1,3.5
1,"2024-11-02",10,901.9,"10:00:00",2024-11-02 10:00:00,4,1,4
1,"2024-11-02",11,897.8,"11:00:00",2024-11-02 11:00:00,4.10000000000002,1,4.10000000000002
1,"2024-11-02",12,892.7,"12:00:00",2024-11-02 12:00:00,5.09999999999991,1,5.09999999999991
1,"2024-11-02",13,888.7,"13:00:00",2024-11-02 13:00:00,4,1,4
1,"2024-11-02",14,884.65,"14:00:00",2024-11-02 14:00:00,4.04999999999995,1,4.04999999999995
1,"2024-11-02",15,880.6,"15:00:00",2024-11-02 15:00:00,4.05000000000007,1,4.05000000000007
1,"2024-11-02",16,877.6,"16:00:00",2024-11-02 16:00:00,3,1,3
1,"2024-11-02",17,874.5,"17:00:00",2024-11-02 17:00:00,3.10000000000002,1,3.10000000000002
1,"2024-11-02",18,870.5,"18:00:00",2024-11-02 18:00:00,4,1,4
1,"2024-11-02",19,867.5,"19:00:00",2024-11-02 19:00:00,3,1,3
1,"2024-11-02",20,864.4,"20:00:00",2024-11-02 20:00:00,3.10000000000002,1,3.10000000000002
1,"2024-11-02",21,861.4,"21:00:00",2024-11-02 21:00:00,3,1,3
1,"2024-11-02",22,858.4,"22:00:00",2024-11-02 22:00:00,3,1,3
1,"2024-11-02",23,857.9,"23:00:00",2024-11-02 23:00:00,0.5,1,0.5
1,"2024-11-03",0,858.9,"00:00:00",2024-11-03,-1,1,-1
1,"2024-11-03",1,858.9,"01:00:00",2024-11-03 01:00:00,0,1,0
1,"2024-11-03",2,858.9,"02:00:00",2024-11-03 02:00:00,0,1,0
1,"2024-11-03",3,858.9,"03:00:00",2024-11-03 03:00:00,0,1,0
1,"2024-11-03",4,857.9,"04:00:00",2024-11-03 04:00:00,1,1,1
1,"2024-11-03",5,857.9,"05:00:00",2024-11-03 05:00:00,0,1,0
1,"2024-11-03",6,857.4,"06:00:00",2024-11-03 06:00:00,0.5,1,0.5
1,"2024-11-03",7,853.3,"07:00:00",2024-11-03 07:00:00,4.10000000000002,1,4.10000000000002
1,"2024-11-03",8,850.3,"08:00:00",2024-11-03 08:00:00,3,1,3
1,"2024-11-03",9,846.2,"09:00:00",2024-11-03 09:00:00,4.09999999999991,1,4.09999999999991
1,"2024-11-03",11,1001.8,"11:00:00",2024-11-03 11:00:00,3.5,1,3.5
1,"2024-11-03",12,996.7,"12:00:00",2024-11-03 12:00:00,5.09999999999991,1,5.09999999999991
1,"2024-11-03",13,991.15,"13:00:00",2024-11-03 13:00:00,5.54999999999995,1,5.54999999999995
1,"2024-11-03",14,984.6,"14:00:00",2024-11-03 14:00:00,6.55000000000007,1,6.55000000000007
1,"2024-11-03",15,978.5,"15:00:00",2024-11-03 15:00:00,6.10000000000002,1,6.10000000000002
1,"2024-11-03",16,973,"16:00:00",2024-11-03 16:00:00,5.5,1,5.5
1,"2024-11-03",17,967.9,"17:00:00",2024-11-03 17:00:00,5.10000000000002,1,5.10000000000002
1,"2024-11-03",18,962.4,"18:00:00",2024-11-03 18:00:00,5.5,1,5.5
1,"2024-11-03",19,957.8,"19:00:00",2024-11-03 19:00:00,4.60000000000002,1,4.60000000000002
1,"2024-11-03",20,953.3,"20:00:00",2024-11-03 20:00:00,4.5,1,4.5
1,"2024-11-03",21,948.2,"21:00:00",2024-11-03 21:00:00,5.09999999999991,1,5.09999999999991
1,"2024-11-03",22,944.2,"22:00:00",2024-11-03 22:00:00,4,1,4
1,"2024-11-03",23,943.7,"23:00:00",2024-11-03 23:00:00,0.5,1,0.5
1,"2024-11-04",0,943.7,"00:00:00",2024-11-04,0,1,0
1,"2024-11-04",1,942.7,"01:00:00",2024-11-04 01:00:00,1,1,1
1,"2024-11-04",2,941.7,"02:00:00",2024-11-04 02:00:00,1,1,1
1,"2024-11-04",3,941.15,"03:00:00",2024-11-04 03:00:00,0.549999999999955,1,0.549999999999955
1,"2024-11-04",4,940.6,"04:00:00",2024-11-04 04:00:00,0.550000000000068,1,0.550000000000068
1,"2024-11-04",5,940.1,"05:00:00",2024-11-04 05:00:00,0.5,1,0.5
1,"2024-11-04",6,939.6,"06:00:00",2024-11-04 06:00:00,0.5,1,0.5
1,"2024-11-04",7,936.1,"07:00:00",2024-11-04 07:00:00,3.5,1,3.5
1,"2024-11-04",8,932.1,"08:00:00",2024-11-04 08:00:00,4,1,4
1,"2024-11-04",9,928.5,"09:00:00",2024-11-04 09:00:00,3.60000000000002,1,3.60000000000002
1,"2024-11-04",10,924,"10:00:00",2024-11-04 10:00:00,4.5,1,4.5
1,"2024-11-04",11,919.4,"11:00:00",2024-11-04 11:00:00,4.60000000000002,1,4.60000000000002
2,"2024-10-24",12,1277.5,"12:00:00",2024-10-24 12:00:00,10.9499999999998,1,10.9499999999998
2,"2024-10-24",13,1272.2,"13:00:00",2024-10-24 13:00:00,5.29999999999995,1,5.29999999999995
2,"2024-10-24",14,1266.1,"14:00:00",2024-10-24 14:00:00,6.10000000000014,1,6.10000000000014
2,"2024-10-24",15,1261.55,"15:00:00",2024-10-24 15:00:00,4.54999999999995,1,4.54999999999995
2,"2024-10-24",16,1256.85,"16:00:00",2024-10-24 16:00:00,4.70000000000005,1,4.70000000000005
2,"2024-10-24",17,1251.5,"17:00:00",2024-10-24 17:00:00,5.34999999999991,1,5.34999999999991
2,"2024-10-24",18,1249,"18:00:00",2024-10-24 18:00:00,2.5,1,2.5
2,"2024-10-25",14,1303.9,"14:00:00",2024-10-25 14:00:00,5.09999999999991,1,5.09999999999991
2,"2024-10-25",15,1298.75,"15:00:00",2024-10-25 15:00:00,5.15000000000009,1,5.15000000000009
2,"2024-10-25",16,1291.95,"16:00:00",2024-10-25 16:00:00,6.79999999999995,1,6.79999999999995
2,"2024-10-25",17,1286.9,"17:00:00",2024-10-25 17:00:00,5.04999999999995,1,5.04999999999995
2,"2024-10-25",18,1281.35,"18:00:00",2024-10-25 18:00:00,5.55000000000018,1,5.55000000000018
2,"2024-10-25",19,1276.3,"19:00:00",2024-10-25 19:00:00,5.04999999999995,1,5.04999999999995
2,"2024-10-25",20,1271.75,"20:00:00",2024-10-25 20:00:00,4.54999999999995,1,4.54999999999995
2,"2024-10-25",21,1267.2,"21:00:00",2024-10-25 21:00:00,4.54999999999995,1,4.54999999999995
2,"2024-10-25",22,1263.7,"22:00:00",2024-10-25 22:00:00,3.5,1,3.5
2,"2024-10-25",23,1261.1,"23:00:00",2024-10-25 23:00:00,2.60000000000014,1,2.60000000000014
2,"2024-10-26",0,1261.1,"00:00:00",2024-10-26,0,1,0
2,"2024-10-26",1,1260.1,"01:00:00",2024-10-26 01:00:00,1,1,1
2,"2024-10-26",2,1259.1,"02:00:00",2024-10-26 02:00:00,1,1,1
2,"2024-10-26",3,1258.6,"03:00:00",2024-10-26 03:00:00,0.5,1,0.5
2,"2024-10-26",4,1258.1,"04:00:00",2024-10-26 04:00:00,0.5,1,0.5
2,"2024-10-26",5,1257.6,"05:00:00",2024-10-26 05:00:00,0.5,1,0.5
2,"2024-10-26",6,1257.1,"06:00:00",2024-10-26 06:00:00,0.5,1,0.5
2,"2024-10-26",7,1254.6,"07:00:00",2024-10-26 07:00:00,2.5,1,2.5
2,"2024-10-26",8,1251.6,"08:00:00",2024-10-26 08:00:00,3,1,3
2,"2024-10-26",9,1248,"09:00:00",2024-10-26 09:00:00,3.59999999999991,1,3.59999999999991
2,"2024-10-26",10,1243.5,"10:00:00",2024-10-26 10:00:00,4.5,1,4.5
2,"2024-10-26",11,1237.4,"11:00:00",2024-10-26 11:00:00,6.09999999999991,1,6.09999999999991
2,"2024-10-26",12,1230.85,"12:00:00",2024-10-26 12:00:00,6.55000000000018,1,6.55000000000018
2,"2024-10-26",13,1224.8,"13:00:00",2024-10-26 13:00:00,6.04999999999995,1,6.04999999999995
2,"2024-10-26",14,1218.2,"14:00:00",2024-10-26 14:00:00,6.59999999999991,1,6.59999999999991
2,"2024-10-26",15,1212.2,"15:00:00",2024-10-26 15:00:00,6,1,6
2,"2024-10-26",16,1205.6,"16:00:00",2024-10-26 16:00:00,6.60000000000014,1,6.60000000000014
2,"2024-10-26",17,1200.05,"17:00:00",2024-10-26 17:00:00,5.54999999999995,1,5.54999999999995
2,"2024-10-26",18,1194.5,"18:00:00",2024-10-26 18:00:00,5.54999999999995,1,5.54999999999995
2,"2024-10-26",19,1188.4,"19:00:00",2024-10-26 19:00:00,6.09999999999991,1,6.09999999999991
2,"2024-10-26",20,1182.9,"20:00:00",2024-10-26 20:00:00,5.5,1,5.5
2,"2024-10-26",21,1177.8,"21:00:00",2024-10-26 21:00:00,5.10000000000014,1,5.10000000000014
2,"2024-10-26",22,1173.3,"22:00:00",2024-10-26 22:00:00,4.5,1,4.5
2,"2024-10-26",23,1171.3,"23:00:00",2024-10-26 23:00:00,2,1,2
2,"2024-10-27",0,1170.8,"00:00:00",2024-10-27,0.5,1,0.5
2,"2024-10-27",1,1169.2,"01:00:00",2024-10-27 01:00:00,1.59999999999991,1,1.59999999999991
2,"2024-10-27",2,1168.2,"02:00:00",2024-10-27 02:00:00,1,1,1
2,"2024-10-27",3,1167.2,"03:00:00",2024-10-27 03:00:00,1,2,0.5
2,"2024-10-27",4,1167.2,"04:00:00",2024-10-27 04:00:00,0,1,0
2,"2024-10-27",5,1166.2,"05:00:00",2024-10-27 05:00:00,1,1,1
2,"2024-10-27",6,1165.2,"06:00:00",2024-10-27 06:00:00,1,1,1
2,"2024-10-27",7,1162.2,"07:00:00",2024-10-27 07:00:00,3,1,3
2,"2024-10-27",8,1158.6,"08:00:00",2024-10-27 08:00:00,3.60000000000014,1,3.60000000000014
2,"2024-10-27",9,1154.1,"09:00:00",2024-10-27 09:00:00,4.5,1,4.5
2,"2024-10-27",10,1148,"10:00:00",2024-10-27 10:00:00,6.09999999999991,1,6.09999999999991
2,"2024-10-27",11,1141,"11:00:00",2024-10-27 11:00:00,7,1,7
2,"2024-10-27",12,1133.9,"12:00:00",2024-10-27 12:00:00,7.09999999999991,1,7.09999999999991
2,"2024-10-27",13,1125.8,"13:00:00",2024-10-27 13:00:00,8.10000000000014,1,8.10000000000014
2,"2024-10-27",14,1118.75,"14:00:00",2024-10-27 14:00:00,7.04999999999995,1,7.04999999999995
2,"2024-10-27",15,1108.5,"15:00:00",2024-10-27 15:00:00,10.25,1,10.25
2,"2024-10-27",16,1100.45,"16:00:00",2024-10-27 16:00:00,8.04999999999995,1,8.04999999999995
2,"2024-10-27",17,1093.9,"17:00:00",2024-10-27 17:00:00,6.54999999999995,1,6.54999999999995
2,"2024-10-27",18,1087.3,"18:00:00",2024-10-27 18:00:00,6.60000000000014,1,6.60000000000014
2,"2024-10-27",19,1081.8,"19:00:00",2024-10-27 19:00:00,5.5,1,5.5
2,"2024-10-27",20,1075.7,"20:00:00",2024-10-27 20:00:00,6.09999999999991,1,6.09999999999991
2,"2024-10-27",21,1071.7,"21:00:00",2024-10-27 21:00:00,4,1,4
2,"2024-10-27",22,1067.6,"22:00:00",2024-10-27 22:00:00,4.10000000000014,1,4.10000000000014
2,"2024-10-27",23,1066.1,"23:00:00",2024-10-27 23:00:00,1.5,1,1.5
2,"2024-10-28",0,1066.1,"00:00:00",2024-10-28,0,1,0
2,"2024-10-28",1,1065.1,"01:00:00",2024-10-28 01:00:00,1,1,1
2,"2024-10-28",2,1065.1,"02:00:00",2024-10-28 02:00:00,0,1,0
2,"2024-10-28",3,1064.6,"03:00:00",2024-10-28 03:00:00,0.5,1,0.5
2,"2024-10-28",4,1064.1,"04:00:00",2024-10-28 04:00:00,0.5,1,0.5
2,"2024-10-28",5,1064.1,"05:00:00",2024-10-28 05:00:00,0,1,0
2,"2024-10-28",6,1063.1,"06:00:00",2024-10-28 06:00:00,1,1,1
2,"2024-10-28",7,1059.55,"07:00:00",2024-10-28 07:00:00,3.54999999999995,1,3.54999999999995
2,"2024-10-28",10,1199,"10:00:00",2024-10-28 10:00:00,6.59999999999991,1,6.59999999999991
2,"2024-10-28",11,1189.9,"11:00:00",2024-10-28 11:00:00,9.09999999999991,1,9.09999999999991
2,"2024-10-28",12,1181.35,"12:00:00",2024-10-28 12:00:00,8.55000000000018,1,8.55000000000018
2,"2024-10-28",13,1172.25,"13:00:00",2024-10-28 13:00:00,9.09999999999991,1,9.09999999999991
2,"2024-10-28",14,1163.7,"14:00:00",2024-10-28 14:00:00,8.54999999999995,1,8.54999999999995
2,"2024-10-28",15,1156.6,"15:00:00",2024-10-28 15:00:00,7.10000000000014,1,7.10000000000014
2,"2024-10-28",17,1204.2,"17:00:00",2024-10-28 17:00:00,7.5,1,7.5
2,"2024-10-28",18,1197.6,"18:00:00",2024-10-28 18:00:00,6.60000000000014,1,6.60000000000014
2,"2024-10-28",19,1191,"19:00:00",2024-10-28 19:00:00,6.59999999999991,1,6.59999999999991
2,"2024-10-28",20,1185.5,"20:00:00",2024-10-28 20:00:00,5.5,1,5.5
2,"2024-10-28",21,1179.9,"21:00:00",2024-10-28 21:00:00,5.59999999999991,1,5.59999999999991
2,"2024-10-28",22,1174.9,"22:00:00",2024-10-28 22:00:00,5,1,5
2,"2024-10-28",23,1173.4,"23:00:00",2024-10-28 23:00:00,1.5,1,1.5
2,"2024-10-29",0,1172.3,"00:00:00",2024-10-29,1.10000000000014,1,1.10000000000014
2,"2024-10-29",1,1171.3,"01:00:00",2024-10-29 01:00:00,1,1,1
2,"2024-10-29",2,1170.3,"02:00:00",2024-10-29 02:00:00,1,1,1
2,"2024-10-29",3,1169.3,"03:00:00",2024-10-29 03:00:00,1,1,1
2,"2024-10-29",4,1169.3,"04:00:00",2024-10-29 04:00:00,0,1,0
2,"2024-10-29",5,1168.3,"05:00:00",2024-10-29 05:00:00,1,1,1
2,"2024-10-29",6,1167.8,"06:00:00",2024-10-29 06:00:00,0.5,1,0.5
2,"2024-10-29",7,1163.8,"07:00:00",2024-10-29 07:00:00,4,1,4
2,"2024-10-29",8,1159.7,"08:00:00",2024-10-29 08:00:00,4.09999999999991,1,4.09999999999991
2,"2024-10-29",9,1153.7,"09:00:00",2024-10-29 09:00:00,6,1,6
2,"2024-10-29",10,1146.6,"10:00:00",2024-10-29 10:00:00,7.10000000000014,1,7.10000000000014
2,"2024-10-29",11,1139,"11:00:00",2024-10-29 11:00:00,7.59999999999991,1,7.59999999999991
2,"2024-10-29",12,1128.4,"12:00:00",2024-10-29 12:00:00,10.5999999999999,1,10.5999999999999
2,"2024-10-29",13,1117.9,"13:00:00",2024-10-29 13:00:00,10.5,1,10.5
2,"2024-10-29",14,1108.8,"14:00:00",2024-10-29 14:00:00,9.10000000000014,1,9.10000000000014
2,"2024-10-29",16,1255.5,"16:00:00",2024-10-29 16:00:00,5,1,5
2,"2024-10-29",17,1248.4,"17:00:00",2024-10-29 17:00:00,7.09999999999991,1,7.09999999999991
2,"2024-10-29",18,1239.7,"18:00:00",2024-10-29 18:00:00,8.70000000000005,1,8.70000000000005
2,"2024-10-29",19,1233.1,"19:00:00",2024-10-29 19:00:00,6.60000000000014,1,6.60000000000014
2,"2024-10-29",20,1227.05,"20:00:00",2024-10-29 20:00:00,6.04999999999995,1,6.04999999999995
2,"2024-10-29",21,1221.5,"21:00:00",2024-10-29 21:00:00,5.54999999999995,1,5.54999999999995
2,"2024-10-29",22,1215.9,"22:00:00",2024-10-29 22:00:00,5.59999999999991,1,5.59999999999991
2,"2024-10-29",23,1213.4,"23:00:00",2024-10-29 23:00:00,2.5,1,2.5
2,"2024-10-30",0,1213.4,"00:00:00",2024-10-30,0,1,0
2,"2024-10-30",1,1212.4,"01:00:00",2024-10-30 01:00:00,1,1,1
2,"2024-10-30",2,1211.4,"02:00:00",2024-10-30 02:00:00,1,1,1
2,"2024-10-30",3,1210.4,"03:00:00",2024-10-30 03:00:00,1,1,1
2,"2024-10-30",4,1210.4,"04:00:00",2024-10-30 04:00:00,0,1,0
2,"2024-10-30",5,1209.4,"05:00:00",2024-10-30 05:00:00,1,1,1
2,"2024-10-30",6,1208.9,"06:00:00",2024-10-30 06:00:00,0.5,1,0.5
2,"2024-10-30",7,1205.3,"07:00:00",2024-10-30 07:00:00,3.60000000000014,1,3.60000000000014
2,"2024-10-30",8,1200.8,"08:00:00",2024-10-30 08:00:00,4.5,1,4.5
2,"2024-10-30",9,1195.2,"09:00:00",2024-10-30 09:00:00,5.59999999999991,1,5.59999999999991
2,"2024-10-30",10,1189.2,"10:00:00",2024-10-30 10:00:00,6,1,6
2,"2024-10-30",11,1182.1,"11:00:00",2024-10-30 11:00:00,7.10000000000014,1,7.10000000000014
2,"2024-10-30",12,1174,"12:00:00",2024-10-30 12:00:00,8.09999999999991,1,8.09999999999991
2,"2024-10-30",13,1165.95,"13:00:00",2024-10-30 13:00:00,8.04999999999995,1,8.04999999999995
2,"2024-10-30",14,1156.35,"14:00:00",2024-10-30 14:00:00,9.60000000000014,1,9.60000000000014
2,"2024-10-30",15,1147.8,"15:00:00",2024-10-30 15:00:00,8.54999999999995,1,8.54999999999995
2,"2024-10-30",17,1208.8,"17:00:00",2024-10-30 17:00:00,6.10000000000014,1,6.10000000000014
2,"2024-10-30",18,1202.25,"18:00:00",2024-10-30 18:00:00,6.54999999999995,1,6.54999999999995
2,"2024-10-30",19,1195.2,"19:00:00",2024-10-30 19:00:00,7.04999999999995,1,7.04999999999995
2,"2024-10-30",20,1188.1,"20:00:00",2024-10-30 20:00:00,7.10000000000014,1,7.10000000000014
2,"2024-10-30",21,1182.05,"21:00:00",2024-10-30 21:00:00,6.04999999999995,1,6.04999999999995
2,"2024-10-30",22,1176.5,"22:00:00",2024-10-30 22:00:00,5.54999999999995,1,5.54999999999995
2,"2024-10-30",23,1174.5,"23:00:00",2024-10-30 23:00:00,2,1,2
2,"2024-10-31",0,1174.5,"00:00:00",2024-10-31,0,1,0
2,"2024-10-31",1,1173.5,"01:00:00",2024-10-31 01:00:00,1,1,1
2,"2024-10-31",2,1172.5,"02:00:00",2024-10-31 02:00:00,1,1,1
2,"2024-10-31",3,1172.5,"03:00:00",2024-10-31 03:00:00,0,1,0
2,"2024-10-31",4,1171.4,"04:00:00",2024-10-31 04:00:00,1.09999999999991,1,1.09999999999991
2,"2024-10-31",5,1171.4,"05:00:00",2024-10-31 05:00:00,0,1,0
2,"2024-10-31",6,1170.4,"06:00:00",2024-10-31 06:00:00,1,1,1
2,"2024-10-31",7,1165.9,"07:00:00",2024-10-31 07:00:00,4.5,1,4.5
2,"2024-10-31",8,1161.35,"08:00:00",2024-10-31 08:00:00,4.55000000000018,1,4.55000000000018
2,"2024-10-31",9,1155.25,"09:00:00",2024-10-31 09:00:00,6.09999999999991,1,6.09999999999991
2,"2024-10-31",11,1189.7,"11:00:00",2024-10-31 11:00:00,6,1,6
2,"2024-10-31",12,1179.6,"12:00:00",2024-10-31 12:00:00,10.1000000000001,1,10.1000000000001
2,"2024-10-31",13,1169.6,"13:00:00",2024-10-31 13:00:00,10,1,10
2,"2024-10-31",14,1160,"14:00:00",2024-10-31 14:00:00,9.59999999999991,1,9.59999999999991
2,"2024-10-31",15,1150.95,"15:00:00",2024-10-31 15:00:00,9.04999999999995,1,9.04999999999995
2,"2024-10-31",16,1141.85,"16:00:00",2024-10-31 16:00:00,9.10000000000014,1,9.10000000000014
2,"2024-10-31",17,1133.8,"17:00:00",2024-10-31 17:00:00,8.04999999999995,1,8.04999999999995
2,"2024-10-31",18,1125.7,"18:00:00",2024-10-31 18:00:00,8.09999999999991,1,8.09999999999991
2,"2024-10-31",19,1118.6,"19:00:00",2024-10-31 19:00:00,7.10000000000014,1,7.10000000000014
2,"2024-10-31",20,1112.1,"20:00:00",2024-10-31 20:00:00,6.5,1,6.5
2,"2024-10-31",21,1106,"21:00:00",2024-10-31 21:00:00,6.09999999999991,1,6.09999999999991
2,"2024-10-31",22,1099.9,"22:00:00",2024-10-31 22:00:00,6.09999999999991,1,6.09999999999991
2,"2024-10-31",23,1098.4,"23:00:00",2024-10-31 23:00:00,1.5,1,1.5
2,"2024-11-01",0,1098.4,"00:00:00",2024-11-01,0,1,0
2,"2024-11-01",1,1097.9,"01:00:00",2024-11-01 01:00:00,0.5,1,0.5
2,"2024-11-01",2,1097.4,"02:00:00",2024-11-01 02:00:00,0.5,1,0.5
2,"2024-11-01",3,1096.4,"03:00:00",2024-11-01 03:00:00,1,1,1
2,"2024-11-01",4,1096.4,"04:00:00",2024-11-01 04:00:00,0,1,0
2,"2024-11-01",5,1096.4,"05:00:00",2024-11-01 05:00:00,0,1,0
2,"2024-11-01",6,1095.4,"06:00:00",2024-11-01 06:00:00,1,1,1
2,"2024-11-01",7,1090.8,"07:00:00",2024-11-01 07:00:00,4.60000000000014,1,4.60000000000014
2,"2024-11-01",8,1085.3,"08:00:00",2024-11-01 08:00:00,5.5,1,5.5
2,"2024-11-01",9,1079.7,"09:00:00",2024-11-01 09:00:00,5.59999999999991,1,5.59999999999991
2,"2024-11-01",10,1073.15,"10:00:00",2024-11-01 10:00:00,6.54999999999995,1,6.54999999999995
2,"2024-11-01",11,1066.1,"11:00:00",2024-11-01 11:00:00,7.05000000000018,1,7.05000000000018
2,"2024-11-01",12,1059,"12:00:00",2024-11-01 12:00:00,7.09999999999991,1,7.09999999999991
2,"2024-11-01",13,1050.9,"13:00:00",2024-11-01 13:00:00,8.09999999999991,1,8.09999999999991
2,"2024-11-01",14,1043.9,"14:00:00",2024-11-01 14:00:00,7,1,7
2,"2024-11-01",15,1036.8,"15:00:00",2024-11-01 15:00:00,7.10000000000014,1,7.10000000000014
2,"2024-11-01",16,1030.2,"16:00:00",2024-11-01 16:00:00,6.59999999999991,1,6.59999999999991
2,"2024-11-01",17,1023.7,"17:00:00",2024-11-01 17:00:00,6.5,1,6.5
2,"2024-11-01",18,1017.1,"18:00:00",2024-11-01 18:00:00,6.60000000000002,1,6.60000000000002
2,"2024-11-01",19,1011,"19:00:00",2024-11-01 19:00:00,6.10000000000002,1,6.10000000000002
2,"2024-11-01",20,1005,"20:00:00",2024-11-01 20:00:00,6,1,6
2,"2024-11-01",21,999.9,"21:00:00",2024-11-01 21:00:00,5.10000000000002,1,5.10000000000002
2,"2024-11-01",22,994.9,"22:00:00",2024-11-01 22:00:00,5,1,5
2,"2024-11-01",23,993.4,"23:00:00",2024-11-01 23:00:00,1.5,1,1.5
2,"2024-11-02",0,993.4,"00:00:00",2024-11-02,0,1,0
2,"2024-11-02",1,992.9,"01:00:00",2024-11-02 01:00:00,0.5,1,0.5
2,"2024-11-02",2,992.4,"02:00:00",2024-11-02 02:00:00,0.5,1,0.5
2,"2024-11-02",3,991.3,"03:00:00",2024-11-02 03:00:00,1.10000000000002,1,1.10000000000002
2,"2024-11-02",4,991.3,"04:00:00",2024-11-02 04:00:00,0,1,0
2,"2024-11-02",5,990.3,"05:00:00",2024-11-02 05:00:00,1,1,1
2,"2024-11-02",6,989.8,"06:00:00",2024-11-02 06:00:00,0.5,1,0.5
2,"2024-11-02",7,985.3,"07:00:00",2024-11-02 07:00:00,4.5,1,4.5
2,"2024-11-02",8,980.7,"08:00:00",2024-11-02 08:00:00,4.59999999999991,1,4.59999999999991
2,"2024-11-02",9,975.7,"09:00:00",2024-11-02 09:00:00,5,1,5
2,"2024-11-02",10,969.6,"10:00:00",2024-11-02 10:00:00,6.10000000000002,1,6.10000000000002
2,"2024-11-02",11,963.6,"11:00:00",2024-11-02 11:00:00,6,1,6
2,"2024-11-02",12,956,"12:00:00",2024-11-02 12:00:00,7.60000000000002,1,7.60000000000002
2,"2024-11-02",13,949.9,"13:00:00",2024-11-02 13:00:00,6.10000000000002,1,6.10000000000002
2,"2024-11-02",14,943.4,"14:00:00",2024-11-02 14:00:00,6.5,1,6.5
2,"2024-11-02",15,937.3,"15:00:00",2024-11-02 15:00:00,6.10000000000002,1,6.10000000000002
2,"2024-11-02",16,931.3,"16:00:00",2024-11-02 16:00:00,6,1,6
2,"2024-11-02",17,925.2,"17:00:00",2024-11-02 17:00:00,6.09999999999991,1,6.09999999999991
2,"2024-11-02",18,920.15,"18:00:00",2024-11-02 18:00:00,5.04999999999995,1,5.04999999999995
2,"2024-11-02",19,915.1,"19:00:00",2024-11-02 19:00:00,5.05000000000007,1,5.05000000000007
2,"2024-11-02",20,910.05,"20:00:00",2024-11-02 20:00:00,5.05000000000007,1,5.05000000000007
2,"2024-11-02",21,906,"21:00:00",2024-11-02 21:00:00,4.04999999999995,1,4.04999999999995
2,"2024-11-02",22,902,"22:00:00",2024-11-02 22:00:00,4,1,4
2,"2024-11-02",23,901.5,"23:00:00",2024-11-02 23:00:00,0.5,1,0.5
2,"2024-11-03",0,902.5,"00:00:00",2024-11-03,-1,1,-1
2,"2024-11-03",1,902.5,"01:00:00",2024-11-03 01:00:00,0,1,0
2,"2024-11-03",2,901.5,"02:00:00",2024-11-03 02:00:00,1,1,1
2,"2024-11-03",3,901.5,"03:00:00",2024-11-03 03:00:00,0,1,0
2,"2024-11-03",4,900.5,"04:00:00",2024-11-03 04:00:00,1,1,1
2,"2024-11-03",5,900.5,"05:00:00",2024-11-03 05:00:00,0,1,0
2,"2024-11-03",6,899.95,"06:00:00",2024-11-03 06:00:00,0.549999999999955,1,0.549999999999955
2,"2024-11-03",7,895.9,"07:00:00",2024-11-03 07:00:00,4.05000000000007,1,4.05000000000007
2,"2024-11-03",8,890.9,"08:00:00",2024-11-03 08:00:00,5,1,5
2,"2024-11-03",9,886.8,"09:00:00",2024-11-03 09:00:00,4.10000000000002,1,4.10000000000002
2,"2024-11-03",11,1056.4,"11:00:00",2024-11-03 11:00:00,5.59999999999991,1,5.59999999999991
2,"2024-11-03",12,1049.4,"12:00:00",2024-11-03 12:00:00,7,1,7
2,"2024-11-03",13,1042.3,"13:00:00",2024-11-03 13:00:00,7.10000000000014,1,7.10000000000014
2,"2024-11-03",14,1033.7,"14:00:00",2024-11-03 14:00:00,8.59999999999991,1,8.59999999999991
2,"2024-11-03",15,1025.1,"15:00:00",2024-11-03 15:00:00,8.60000000000014,1,8.60000000000014
2,"2024-11-03",16,1018.05,"16:00:00",2024-11-03 16:00:00,7.04999999999995,1,7.04999999999995
2,"2024-11-03",17,1011.5,"17:00:00",2024-11-03 17:00:00,6.54999999999995,1,6.54999999999995
2,"2024-11-03",18,1004.9,"18:00:00",2024-11-03 18:00:00,6.60000000000002,1,6.60000000000002
2,"2024-11-03",19,999.4,"19:00:00",2024-11-03 19:00:00,5.5,1,5.5
2,"2024-11-03",20,994.3,"20:00:00",2024-11-03 20:00:00,5.10000000000002,1,5.10000000000002
2,"2024-11-03",21,989.3,"21:00:00",2024-11-03 21:00:00,5,1,5
2,"2024-11-03",22,984.2,"22:00:00",2024-11-03 22:00:00,5.09999999999991,1,5.09999999999991
2,"2024-11-03",23,982.7,"23:00:00",2024-11-03 23:00:00,1.5,1,1.5
2,"2024-11-04",0,982.7,"00:00:00",2024-11-04,0,1,0
2,"2024-11-04",1,982.2,"01:00:00",2024-11-04 01:00:00,0.5,1,0.5
2,"2024-11-04",2,981.7,"02:00:00",2024-11-04 02:00:00,0.5,1,0.5
2,"2024-11-04",3,980.7,"03:00:00",2024-11-04 03:00:00,1,1,1
2,"2024-11-04",4,980.2,"04:00:00",2024-11-04 04:00:00,0.5,1,0.5
2,"2024-11-04",5,979.7,"05:00:00",2024-11-04 05:00:00,0.5,1,0.5
2,"2024-11-04",6,979.2,"06:00:00",2024-11-04 06:00:00,0.5,1,0.5
2,"2024-11-04",7,976.1,"07:00:00",2024-11-04 07:00:00,3.10000000000002,1,3.10000000000002
2,"2024-11-04",8,972.1,"08:00:00",2024-11-04 08:00:00,4,1,4
2,"2024-11-04",9,968.1,"09:00:00",2024-11-04 09:00:00,4,1,4
2,"2024-11-04",10,963,"10:00:00",2024-11-04 10:00:00,5.10000000000002,1,5.10000000000002
2,"2024-11-04",11,957.5,"11:00:00",2024-11-04 11:00:00,5.5,1,5.5
3,"2024-10-24",12,1014.2,"12:00:00",2024-10-24 12:00:00,4.69999999999993,1,4.69999999999993
3,"2024-10-24",13,1007.1,"13:00:00",2024-10-24 13:00:00,7.10000000000002,1,7.10000000000002
3,"2024-10-24",14,1000.6,"14:00:00",2024-10-24 14:00:00,6.5,1,6.5
3,"2024-10-24",15,996.75,"15:00:00",2024-10-24 15:00:00,3.85000000000002,1,3.85000000000002
3,"2024-10-24",16,994.2,"16:00:00",2024-10-24 16:00:00,2.54999999999995,1,2.54999999999995
3,"2024-10-24",17,990.4,"17:00:00",2024-10-24 17:00:00,3.80000000000007,1,3.80000000000007
3,"2024-10-25",13,963.8,"13:00:00",2024-10-25 13:00:00,-4.09999999999991,1,-4.09999999999991
3,"2024-10-25",14,961.2,"14:00:00",2024-10-25 14:00:00,2.59999999999991,1,2.59999999999991
3,"2024-10-25",15,958.6,"15:00:00",2024-10-25 15:00:00,2.60000000000002,1,2.60000000000002
3,"2024-10-25",16,955.9,"16:00:00",2024-10-25 16:00:00,2.70000000000005,1,2.70000000000005
3,"2024-10-25",17,952.9,"17:00:00",2024-10-25 17:00:00,3,1,3
3,"2024-10-25",18,949.9,"18:00:00",2024-10-25 18:00:00,3,1,3
3,"2024-10-25",19,946.8,"19:00:00",2024-10-25 19:00:00,3.10000000000002,1,3.10000000000002
3,"2024-10-25",20,944.8,"20:00:00",2024-10-25 20:00:00,2,1,2
3,"2024-10-25",21,942.8,"21:00:00",2024-10-25 21:00:00,2,1,2
3,"2024-10-25",22,940.8,"22:00:00",2024-10-25 22:00:00,2,1,2
3,"2024-10-25",23,940.3,"23:00:00",2024-10-25 23:00:00,0.5,1,0.5
3,"2024-10-26",0,940.3,"00:00:00",2024-10-26,0,1,0
3,"2024-10-26",1,939.3,"01:00:00",2024-10-26 01:00:00,1,1,1
3,"2024-10-26",2,939.3,"02:00:00",2024-10-26 02:00:00,0,1,0
3,"2024-10-26",3,939.3,"03:00:00",2024-10-26 03:00:00,0,1,0
3,"2024-10-26",4,938.3,"04:00:00",2024-10-26 04:00:00,1,1,1
3,"2024-10-26",5,938.3,"05:00:00",2024-10-26 05:00:00,0,1,0
3,"2024-10-26",6,938.3,"06:00:00",2024-10-26 06:00:00,0,1,0
3,"2024-10-26",7,936.7,"07:00:00",2024-10-26 07:00:00,1.59999999999991,1,1.59999999999991
3,"2024-10-26",8,934.7,"08:00:00",2024-10-26 08:00:00,2,1,2
3,"2024-10-26",9,932.7,"09:00:00",2024-10-26 09:00:00,2,1,2
3,"2024-10-26",10,930.7,"10:00:00",2024-10-26 10:00:00,2,1,2
3,"2024-10-26",11,927.65,"11:00:00",2024-10-26 11:00:00,3.04999999999995,1,3.04999999999995
3,"2024-10-26",12,925.6,"12:00:00",2024-10-26 12:00:00,2.05000000000007,1,2.05000000000007
3,"2024-10-26",13,922.6,"13:00:00",2024-10-26 13:00:00,3,1,3
3,"2024-10-26",14,920.6,"14:00:00",2024-10-26 14:00:00,2,1,2
3,"2024-10-26",15,919.1,"15:00:00",2024-10-26 15:00:00,1.5,1,1.5
3,"2024-10-26",16,916.5,"16:00:00",2024-10-26 16:00:00,2.60000000000002,1,2.60000000000002
3,"2024-10-26",17,914.5,"17:00:00",2024-10-26 17:00:00,2,1,2
3,"2024-10-26",18,912.5,"18:00:00",2024-10-26 18:00:00,2,1,2
3,"2024-10-26",19,910,"19:00:00",2024-10-26 19:00:00,2.5,1,2.5
3,"2024-10-26",20,908,"20:00:00",2024-10-26 20:00:00,2,1,2
3,"2024-10-26",21,905.9,"21:00:00",2024-10-26 21:00:00,2.10000000000002,1,2.10000000000002
3,"2024-10-26",22,904.4,"22:00:00",2024-10-26 22:00:00,1.5,1,1.5
3,"2024-10-26",23,903.9,"23:00:00",2024-10-26 23:00:00,0.5,1,0.5
3,"2024-10-27",0,903.9,"00:00:00",2024-10-27,0,1,0
3,"2024-10-27",1,903.9,"01:00:00",2024-10-27 01:00:00,0,1,0
3,"2024-10-27",2,902.9,"02:00:00",2024-10-27 02:00:00,1,1,1
3,"2024-10-27",3,902.9,"03:00:00",2024-10-27 03:00:00,0,2,0
3,"2024-10-27",4,901.9,"04:00:00",2024-10-27 04:00:00,1,1,1
3,"2024-10-27",5,901.9,"05:00:00",2024-10-27 05:00:00,0,1,0
3,"2024-10-27",6,901.9,"06:00:00",2024-10-27 06:00:00,0,1,0
3,"2024-10-27",7,900.4,"07:00:00",2024-10-27 07:00:00,1.5,1,1.5
3,"2024-10-27",8,898.35,"08:00:00",2024-10-27 08:00:00,2.05000000000007,1,2.05000000000007
3,"2024-10-27",9,895.8,"09:00:00",2024-10-27 09:00:00,2.54999999999995,1,2.54999999999995
3,"2024-10-27",10,893.8,"10:00:00",2024-10-27 10:00:00,2,1,2
3,"2024-10-27",11,891.3,"11:00:00",2024-10-27 11:00:00,2.5,1,2.5
3,"2024-10-27",12,889.3,"12:00:00",2024-10-27 12:00:00,2,1,2
3,"2024-10-27",13,887.2,"13:00:00",2024-10-27 13:00:00,2.09999999999991,1,2.09999999999991
3,"2024-10-27",14,885.7,"14:00:00",2024-10-27 14:00:00,1.5,1,1.5
3,"2024-10-27",16,1005.4,"16:00:00",2024-10-27 16:00:00,3.05000000000007,1,3.05000000000007
3,"2024-10-27",17,1002.9,"17:00:00",2024-10-27 17:00:00,2.5,1,2.5
3,"2024-10-27",18,1000.4,"18:00:00",2024-10-27 18:00:00,2.5,1,2.5
3,"2024-10-27",19,997.8,"19:00:00",2024-10-27 19:00:00,2.60000000000002,1,2.60000000000002
3,"2024-10-27",20,995.3,"20:00:00",2024-10-27 20:00:00,2.5,1,2.5
3,"2024-10-27",21,993.3,"21:00:00",2024-10-27 21:00:00,2,1,2
3,"2024-10-27",22,991.3,"22:00:00",2024-10-27 22:00:00,2,1,2
3,"2024-10-27",23,990.8,"23:00:00",2024-10-27 23:00:00,0.5,1,0.5
3,"2024-10-28",0,990.8,"00:00:00",2024-10-28,0,1,0
3,"2024-10-28",1,990.8,"01:00:00",2024-10-28 01:00:00,0,1,0
3,"2024-10-28",2,990.8,"02:00:00",2024-10-28 02:00:00,0,1,0
3,"2024-10-28",3,989.8,"03:00:00",2024-10-28 03:00:00,1,1,1
3,"2024-10-28",4,989.8,"04:00:00",2024-10-28 04:00:00,0,1,0
3,"2024-10-28",5,989.8,"05:00:00",2024-10-28 05:00:00,0,1,0
3,"2024-10-28",6,989.8,"06:00:00",2024-10-28 06:00:00,0,1,0
3,"2024-10-28",7,987.2,"07:00:00",2024-10-28 07:00:00,2.59999999999991,1,2.59999999999991
3,"2024-10-28",8,984.2,"08:00:00",2024-10-28 08:00:00,3,1,3
3,"2024-10-28",9,982.2,"09:00:00",2024-10-28 09:00:00,2,1,2
3,"2024-10-28",10,978.15,"10:00:00",2024-10-28 10:00:00,4.04999999999995,1,4.04999999999995
3,"2024-10-28",11,974.1,"11:00:00",2024-10-28 11:00:00,4.05000000000007,1,4.05000000000007
3,"2024-10-28",12,970.1,"12:00:00",2024-10-28 12:00:00,4,1,4
3,"2024-10-28",13,966,"13:00:00",2024-10-28 13:00:00,4.10000000000002,1,4.10000000000002
3,"2024-10-28",14,962.5,"14:00:00",2024-10-28 14:00:00,3.5,1,3.5
3,"2024-10-28",15,959,"15:00:00",2024-10-28 15:00:00,3.5,1,3.5
3,"2024-10-28",16,957.8,"16:00:00",2024-10-28 16:00:00,1.20000000000005,1,1.20000000000005
3,"2024-10-28",17,954.7,"17:00:00",2024-10-28 17:00:00,3.09999999999991,1,3.09999999999991
3,"2024-10-28",18,951.7,"18:00:00",2024-10-28 18:00:00,3,1,3
3,"2024-10-28",19,948.7,"19:00:00",2024-10-28 19:00:00,3,1,3
3,"2024-10-28",20,945.6,"20:00:00",2024-10-28 20:00:00,3.10000000000002,1,3.10000000000002
3,"2024-10-28",21,943.1,"21:00:00",2024-10-28 21:00:00,2.5,1,2.5
3,"2024-10-28",22,941.1,"22:00:00",2024-10-28 22:00:00,2,1,2
3,"2024-10-28",23,940.1,"23:00:00",2024-10-28 23:00:00,1,1,1
3,"2024-10-29",0,940.1,"00:00:00",2024-10-29,0,1,0
3,"2024-10-29",1,941.1,"01:00:00",2024-10-29 01:00:00,-1,1,-1
3,"2024-10-29",2,940.1,"02:00:00",2024-10-29 02:00:00,1,1,1
3,"2024-10-29",3,940.1,"03:00:00",2024-10-29 03:00:00,0,1,0
3,"2024-10-29",4,940.1,"04:00:00",2024-10-29 04:00:00,0,1,0
3,"2024-10-29",5,939.1,"05:00:00",2024-10-29 05:00:00,1,1,1
3,"2024-10-29",6,939.1,"06:00:00",2024-10-29 06:00:00,0,1,0
3,"2024-10-29",7,936.6,"07:00:00",2024-10-29 07:00:00,2.5,1,2.5
3,"2024-10-29",8,933.5,"08:00:00",2024-10-29 08:00:00,3.10000000000002,1,3.10000000000002
3,"2024-10-29",9,930.5,"09:00:00",2024-10-29 09:00:00,3,1,3
3,"2024-10-29",10,927.5,"10:00:00",2024-10-29 10:00:00,3,1,3
3,"2024-10-29",11,924.4,"11:00:00",2024-10-29 11:00:00,3.10000000000002,1,3.10000000000002
3,"2024-10-29",12,919.9,"12:00:00",2024-10-29 12:00:00,4.5,1,4.5
3,"2024-10-29",13,916.4,"13:00:00",2024-10-29 13:00:00,3.5,1,3.5
3,"2024-10-29",14,912.8,"14:00:00",2024-10-29 14:00:00,3.60000000000002,1,3.60000000000002
3,"2024-10-29",15,909.3,"15:00:00",2024-10-29 15:00:00,3.5,1,3.5
3,"2024-10-29",16,907.3,"16:00:00",2024-10-29 16:00:00,2,1,2
3,"2024-10-29",17,904.2,"17:00:00",2024-10-29 17:00:00,3.09999999999991,1,3.09999999999991
3,"2024-10-29",19,1007.5,"19:00:00",2024-10-29 19:00:00,2.40000000000009,1,2.40000000000009
3,"2024-10-29",20,1004.5,"20:00:00",2024-10-29 20:00:00,3,1,3
3,"2024-10-29",21,1001.5,"21:00:00",2024-10-29 21:00:00,3,1,3
3,"2024-10-29",22,998.4,"22:00:00",2024-10-29 22:00:00,3.10000000000002,1,3.10000000000002
3,"2024-10-29",23,997.9,"23:00:00",2024-10-29 23:00:00,0.5,1,0.5
3,"2024-10-30",0,997.9,"00:00:00",2024-10-30,0,1,0
3,"2024-10-30",1,996.9,"01:00:00",2024-10-30 01:00:00,1,1,1
3,"2024-10-30",2,996.9,"02:00:00",2024-10-30 02:00:00,0,1,0
3,"2024-10-30",3,995.9,"03:00:00",2024-10-30 03:00:00,1,1,1
3,"2024-10-30",4,995.9,"04:00:00",2024-10-30 04:00:00,0,1,0
3,"2024-10-30",5,995.4,"05:00:00",2024-10-30 05:00:00,0.5,1,0.5
3,"2024-10-30",6,994.9,"06:00:00",2024-10-30 06:00:00,0.5,1,0.5
3,"2024-10-30",7,992.4,"07:00:00",2024-10-30 07:00:00,2.5,1,2.5
3,"2024-10-30",8,989.9,"08:00:00",2024-10-30 08:00:00,2.5,1,2.5
3,"2024-10-30",9,986.8,"09:00:00",2024-10-30 09:00:00,3.10000000000002,1,3.10000000000002
3,"2024-10-30",10,983.3,"10:00:00",2024-10-30 10:00:00,3.5,1,3.5
3,"2024-10-30",11,979.25,"11:00:00",2024-10-30 11:00:00,4.04999999999995,1,4.04999999999995
3,"2024-10-30",12,975.2,"12:00:00",2024-10-30 12:00:00,4.04999999999995,1,4.04999999999995
3,"2024-10-30",13,970.2,"13:00:00",2024-10-30 13:00:00,5,1,5
3,"2024-10-30",14,965.6,"14:00:00",2024-10-30 14:00:00,4.60000000000002,1,4.60000000000002
3,"2024-10-30",15,961.1,"15:00:00",2024-10-30 15:00:00,4.5,1,4.5
3,"2024-10-30",16,958.6,"16:00:00",2024-10-30 16:00:00,2.5,1,2.5
3,"2024-10-30",17,955.2,"17:00:00",2024-10-30 17:00:00,3.39999999999998,1,3.39999999999998
3,"2024-10-30",18,951.2,"18:00:00",2024-10-30 18:00:00,4,1,4
3,"2024-10-30",19,947.1,"19:00:00",2024-10-30 19:00:00,4.10000000000002,1,4.10000000000002
3,"2024-10-30",20,943.1,"20:00:00",2024-10-30 20:00:00,4,1,4
3,"2024-10-30",21,940.05,"21:00:00",2024-10-30 21:00:00,3.05000000000007,1,3.05000000000007
3,"2024-10-30",22,937,"22:00:00",2024-10-30 22:00:00,3.04999999999995,1,3.04999999999995
3,"2024-10-30",23,935.5,"23:00:00",2024-10-30 23:00:00,1.5,1,1.5
3,"2024-10-31",0,935.5,"00:00:00",2024-10-31,0,1,0
3,"2024-10-31",1,935.5,"01:00:00",2024-10-31 01:00:00,0,1,0
3,"2024-10-31",2,934.5,"02:00:00",2024-10-31 02:00:00,1,1,1
3,"2024-10-31",3,934.5,"03:00:00",2024-10-31 03:00:00,0,1,0
3,"2024-10-31",4,933.5,"04:00:00",2024-10-31 04:00:00,1,1,1
3,"2024-10-31",5,933.5,"05:00:00",2024-10-31 05:00:00,0,1,0
3,"2024-10-31",6,932.5,"06:00:00",2024-10-31 06:00:00,1,1,1
3,"2024-10-31",7,929.95,"07:00:00",2024-10-31 07:00:00,2.54999999999995,1,2.54999999999995
3,"2024-10-31",8,926.9,"08:00:00",2024-10-31 08:00:00,3.05000000000007,1,3.05000000000007
3,"2024-10-31",9,922.9,"09:00:00",2024-10-31 09:00:00,4,1,4
3,"2024-10-31",10,918.8,"10:00:00",2024-10-31 10:00:00,4.10000000000002,1,4.10000000000002
3,"2024-10-31",11,914.8,"11:00:00",2024-10-31 11:00:00,4,1,4
3,"2024-10-31",12,909.75,"12:00:00",2024-10-31 12:00:00,5.04999999999995,1,5.04999999999995
3,"2024-10-31",13,904.7,"13:00:00",2024-10-31 13:00:00,5.04999999999995,1,5.04999999999995
3,"2024-10-31",14,900.7,"14:00:00",2024-10-31 14:00:00,4,1,4
3,"2024-10-31",15,896.6,"15:00:00",2024-10-31 15:00:00,4.10000000000002,1,4.10000000000002
3,"2024-10-31",18,1002.4,"18:00:00",2024-10-31 18:00:00,4,1,4
3,"2024-10-31",19,998.3,"19:00:00",2024-10-31 19:00:00,4.10000000000002,1,4.10000000000002
3,"2024-10-31",20,993.8,"20:00:00",2024-10-31 20:00:00,4.5,1,4.5
3,"2024-10-31",21,990.3,"21:00:00",2024-10-31 21:00:00,3.5,1,3.5
3,"2024-10-31",22,986.7,"22:00:00",2024-10-31 22:00:00,3.59999999999991,1,3.59999999999991
3,"2024-10-31",23,985.7,"23:00:00",2024-10-31 23:00:00,1,1,1
3,"2024-11-01",0,985.7,"00:00:00",2024-11-01,0,1,0
3,"2024-11-01",1,984.7,"01:00:00",2024-11-01 01:00:00,1,1,1
3,"2024-11-01",2,983.7,"02:00:00",2024-11-01 02:00:00,1,1,1
3,"2024-11-01",3,983.7,"03:00:00",2024-11-01 03:00:00,0,1,0
3,"2024-11-01",4,982.7,"04:00:00",2024-11-01 04:00:00,1,1,1
3,"2024-11-01",5,982.7,"05:00:00",2024-11-01 05:00:00,0,1,0
3,"2024-11-01",6,981.7,"06:00:00",2024-11-01 06:00:00,1,1,1
3,"2024-11-01",7,979.15,"07:00:00",2024-11-01 07:00:00,2.54999999999995,1,2.54999999999995
3,"2024-11-01",8,975.1,"08:00:00",2024-11-01 08:00:00,4.05000000000007,1,4.05000000000007
3,"2024-11-01",9,971.1,"09:00:00",2024-11-01 09:00:00,4,1,4
3,"2024-11-01",10,967,"10:00:00",2024-11-01 10:00:00,4.10000000000002,1,4.10000000000002
3,"2024-11-01",11,962,"11:00:00",2024-11-01 11:00:00,5,1,5
3,"2024-11-01",12,957.4,"12:00:00",2024-11-01 12:00:00,4.60000000000002,1,4.60000000000002
3,"2024-11-01",13,951.9,"13:00:00",2024-11-01 13:00:00,5.5,1,5.5
3,"2024-11-01",14,946.8,"14:00:00",2024-11-01 14:00:00,5.10000000000002,1,5.10000000000002
3,"2024-11-01",15,941.8,"15:00:00",2024-11-01 15:00:00,5,1,5
3,"2024-11-01",16,936.7,"16:00:00",2024-11-01 16:00:00,5.09999999999991,1,5.09999999999991
3,"2024-11-01",17,932.7,"17:00:00",2024-11-01 17:00:00,4,1,4
3,"2024-11-01",18,927.6,"18:00:00",2024-11-01 18:00:00,5.10000000000002,1,5.10000000000002
3,"2024-11-01",19,922.6,"19:00:00",2024-11-01 19:00:00,5,1,5
3,"2024-11-01",20,918.55,"20:00:00",2024-11-01 20:00:00,4.05000000000007,1,4.05000000000007
3,"2024-11-01",21,914.5,"21:00:00",2024-11-01 21:00:00,4.04999999999995,1,4.04999999999995
3,"2024-11-01",22,911,"22:00:00",2024-11-01 22:00:00,3.5,1,3.5
3,"2024-11-01",23,910,"23:00:00",2024-11-01 23:00:00,1,1,1
3,"2024-11-02",0,910,"00:00:00",2024-11-02,0,1,0
3,"2024-11-02",1,909,"01:00:00",2024-11-02 01:00:00,1,1,1
3,"2024-11-02",2,909,"02:00:00",2024-11-02 02:00:00,0,1,0
3,"2024-11-02",3,907.9,"03:00:00",2024-11-02 03:00:00,1.10000000000002,1,1.10000000000002
3,"2024-11-02",4,907.9,"04:00:00",2024-11-02 04:00:00,0,1,0
3,"2024-11-02",5,906.9,"05:00:00",2024-11-02 05:00:00,1,1,1
3,"2024-11-02",6,906.4,"06:00:00",2024-11-02 06:00:00,0.5,1,0.5
3,"2024-11-02",7,903.4,"07:00:00",2024-11-02 07:00:00,3,1,3
3,"2024-11-02",8,899.4,"08:00:00",2024-11-02 08:00:00,4,1,4
3,"2024-11-02",9,895.3,"09:00:00",2024-11-02 09:00:00,4.10000000000002,1,4.10000000000002
3,"2024-11-02",10,891.3,"10:00:00",2024-11-02 10:00:00,4,1,4
3,"2024-11-02",11,887.1,"11:00:00",2024-11-02 11:00:00,4.19999999999993,1,4.19999999999993
3,"2024-11-02",12,882.05,"12:00:00",2024-11-02 12:00:00,5.05000000000007,1,5.05000000000007
3,"2024-11-02",13,877,"13:00:00",2024-11-02 13:00:00,5.04999999999995,1,5.04999999999995
3,"2024-11-02",14,873,"14:00:00",2024-11-02 14:00:00,4,1,4
3,"2024-11-02",15,867.9,"15:00:00",2024-11-02 15:00:00,5.10000000000002,1,5.10000000000002
3,"2024-11-02",16,863.9,"16:00:00",2024-11-02 16:00:00,4,1,4
3,"2024-11-02",17,859.8,"17:00:00",2024-11-02 17:00:00,4.10000000000002,1,4.10000000000002
3,"2024-11-02",18,855.8,"18:00:00",2024-11-02 18:00:00,4,1,4
3,"2024-11-02",19,852.8,"19:00:00",2024-11-02 19:00:00,3,1,3
3,"2024-11-02",20,848.7,"20:00:00",2024-11-02 20:00:00,4.09999999999991,1,4.09999999999991
3,"2024-11-02",21,845.7,"21:00:00",2024-11-02 21:00:00,3,1,3
3,"2024-11-02",22,843.2,"22:00:00",2024-11-02 22:00:00,2.5,1,2.5
3,"2024-11-02",23,842.1,"23:00:00",2024-11-02 23:00:00,1.10000000000002,1,1.10000000000002
3,"2024-11-03",0,842.1,"00:00:00",2024-11-03,0,1,0
3,"2024-11-03",1,842.1,"01:00:00",2024-11-03 01:00:00,0,1,0
3,"2024-11-03",2,841.6,"02:00:00",2024-11-03 02:00:00,0.5,1,0.5
3,"2024-11-03",3,841.1,"03:00:00",2024-11-03 03:00:00,0.5,1,0.5
3,"2024-11-03",4,841.1,"04:00:00",2024-11-03 04:00:00,0,1,0
3,"2024-11-03",5,840.6,"05:00:00",2024-11-03 05:00:00,0.5,1,0.5
3,"2024-11-03",6,840.1,"06:00:00",2024-11-03 06:00:00,0.5,1,0.5
3,"2024-11-03",7,837.6,"07:00:00",2024-11-03 07:00:00,2.5,1,2.5
3,"2024-11-03",8,833.6,"08:00:00",2024-11-03 08:00:00,4,1,4
3,"2024-11-03",9,830.5,"09:00:00",2024-11-03 09:00:00,3.10000000000002,1,3.10000000000002
3,"2024-11-03",11,1003.5,"11:00:00",2024-11-03 11:00:00,3.60000000000002,1,3.60000000000002
3,"2024-11-03",12,998.5,"12:00:00",2024-11-03 12:00:00,5,1,5
3,"2024-11-03",13,992.4,"13:00:00",2024-11-03 13:00:00,6.10000000000002,1,6.10000000000002
3,"2024-11-03",14,985.85,"14:00:00",2024-11-03 14:00:00,6.55000000000007,1,6.55000000000007
3,"2024-11-03",15,979.3,"15:00:00",2024-11-03 15:00:00,6.54999999999995,1,6.54999999999995
3,"2024-11-03",16,973.7,"16:00:00",2024-11-03 16:00:00,5.59999999999991,1,5.59999999999991
3,"2024-11-03",17,968.2,"17:00:00",2024-11-03 17:00:00,5.5,1,5.5
3,"2024-11-03",18,963.1,"18:00:00",2024-11-03 18:00:00,5.10000000000002,1,5.10000000000002
3,"2024-11-03",19,958.1,"19:00:00",2024-11-03 19:00:00,5,1,5
3,"2024-11-03",20,953.5,"20:00:00",2024-11-03 20:00:00,4.60000000000002,1,4.60000000000002
3,"2024-11-03",21,949,"21:00:00",2024-11-03 21:00:00,4.5,1,4.5
3,"2024-11-03",22,944.9,"22:00:00",2024-11-03 22:00:00,4.10000000000002,1,4.10000000000002
3,"2024-11-03",23,943.4,"23:00:00",2024-11-03 23:00:00,1.5,1,1.5
3,"2024-11-04",0,943.4,"00:00:00",2024-11-04,0,1,0
3,"2024-11-04",1,942.4,"01:00:00",2024-11-04 01:00:00,1,1,1
3,"2024-11-04",2,942.4,"02:00:00",2024-11-04 02:00:00,0,1,0
3,"2024-11-04",3,941.4,"03:00:00",2024-11-04 03:00:00,1,1,1
3,"2024-11-04",4,941.4,"04:00:00",2024-11-04 04:00:00,0,1,0
3,"2024-11-04",5,940.4,"05:00:00",2024-11-04 05:00:00,1,1,1
3,"2024-11-04",6,940.4,"06:00:00",2024-11-04 06:00:00,0,1,0
3,"2024-11-04",7,937.9,"07:00:00",2024-11-04 07:00:00,2.5,1,2.5
3,"2024-11-04",8,933.8,"08:00:00",2024-11-04 08:00:00,4.10000000000002,1,4.10000000000002
3,"2024-11-04",9,929.8,"09:00:00",2024-11-04 09:00:00,4,1,4
3,"2024-11-04",10,925.25,"10:00:00",2024-11-04 10:00:00,4.54999999999995,1,4.54999999999995
3,"2024-11-04",11,921.2,"11:00:00",2024-11-04 11:00:00,4.04999999999995,1,4.04999999999995
4,"2024-10-24",12,1298.3,"12:00:00",2024-10-24 12:00:00,-0.299999999999955,1,-0.299999999999955
4,"2024-10-24",13,1294.25,"13:00:00",2024-10-24 13:00:00,4.04999999999995,1,4.04999999999995
4,"2024-10-24",14,1289.7,"14:00:00",2024-10-24 14:00:00,4.54999999999995,1,4.54999999999995
4,"2024-10-24",15,1285.1,"15:00:00",2024-10-24 15:00:00,4.60000000000014,1,4.60000000000014
4,"2024-10-24",16,1279,"16:00:00",2024-10-24 16:00:00,6.09999999999991,1,6.09999999999991
4,"2024-10-24",17,1275.4,"17:00:00",2024-10-24 17:00:00,3.59999999999991,1,3.59999999999991
4,"2024-10-24",18,1272.4,"18:00:00",2024-10-24 18:00:00,3,1,3
4,"2024-10-25",14,1310.4,"14:00:00",2024-10-25 14:00:00,4.54999999999995,1,4.54999999999995
4,"2024-10-25",15,1305.8,"15:00:00",2024-10-25 15:00:00,4.60000000000014,1,4.60000000000014
4,"2024-10-25",16,1300.55,"16:00:00",2024-10-25 16:00:00,5.25,1,5.25
4,"2024-10-25",17,1295,"17:00:00",2024-10-25 17:00:00,5.54999999999995,1,5.54999999999995
4,"2024-10-25",18,1289.4,"18:00:00",2024-10-25 18:00:00,5.59999999999991,1,5.59999999999991
4,"2024-10-25",19,1283.9,"19:00:00",2024-10-25 19:00:00,5.5,1,5.5
4,"2024-10-25",20,1279.8,"20:00:00",2024-10-25 20:00:00,4.10000000000014,1,4.10000000000014
4,"2024-10-25",21,1275.8,"21:00:00",2024-10-25 21:00:00,4,1,4
4,"2024-10-25",22,1271.8,"22:00:00",2024-10-25 22:00:00,4,1,4
4,"2024-10-25",23,1269.7,"23:00:00",2024-10-25 23:00:00,2.09999999999991,1,2.09999999999991
4,"2024-10-26",0,1269.2,"00:00:00",2024-10-26,0.5,1,0.5
4,"2024-10-26",1,1268.2,"01:00:00",2024-10-26 01:00:00,1,1,1
4,"2024-10-26",2,1267.2,"02:00:00",2024-10-26 02:00:00,1,1,1
4,"2024-10-26",3,1266.7,"03:00:00",2024-10-26 03:00:00,0.5,1,0.5
4,"2024-10-26",4,1266.2,"04:00:00",2024-10-26 04:00:00,0.5,1,0.5
4,"2024-10-26",5,1265.2,"05:00:00",2024-10-26 05:00:00,1,1,1
4,"2024-10-26",6,1264.2,"06:00:00",2024-10-26 06:00:00,1,1,1
4,"2024-10-26",7,1262.2,"07:00:00",2024-10-26 07:00:00,2,1,2
4,"2024-10-26",8,1258.6,"08:00:00",2024-10-26 08:00:00,3.60000000000014,1,3.60000000000014
4,"2024-10-26",9,1255.1,"09:00:00",2024-10-26 09:00:00,3.5,1,3.5
4,"2024-10-26",10,1250.55,"10:00:00",2024-10-26 10:00:00,4.54999999999995,1,4.54999999999995
4,"2024-10-26",11,1245.5,"11:00:00",2024-10-26 11:00:00,5.04999999999995,1,5.04999999999995
4,"2024-10-26",12,1238.9,"12:00:00",2024-10-26 12:00:00,6.59999999999991,1,6.59999999999991
4,"2024-10-26",13,1232.4,"13:00:00",2024-10-26 13:00:00,6.5,1,6.5
4,"2024-10-26",14,1226.3,"14:00:00",2024-10-26 14:00:00,6.10000000000014,1,6.10000000000014
4,"2024-10-26",15,1219.7,"15:00:00",2024-10-26 15:00:00,6.60000000000014,1,6.60000000000014
4,"2024-10-26",16,1214.1,"16:00:00",2024-10-26 16:00:00,5.59999999999991,1,5.59999999999991
4,"2024-10-26",17,1208,"17:00:00",2024-10-26 17:00:00,6.09999999999991,1,6.09999999999991
4,"2024-10-26",18,1203,"18:00:00",2024-10-26 18:00:00,5,1,5
4,"2024-10-26",19,1196.9,"19:00:00",2024-10-26 19:00:00,6.09999999999991,1,6.09999999999991
4,"2024-10-26",20,1191.4,"20:00:00",2024-10-26 20:00:00,5.5,1,5.5
4,"2024-10-26",21,1186.8,"21:00:00",2024-10-26 21:00:00,4.60000000000014,1,4.60000000000014
4,"2024-10-26",22,1182.8,"22:00:00",2024-10-26 22:00:00,4,1,4
4,"2024-10-26",23,1180.3,"23:00:00",2024-10-26 23:00:00,2.5,1,2.5
4,"2024-10-27",0,1179.3,"00:00:00",2024-10-27,1,1,1
4,"2024-10-27",1,1178.75,"01:00:00",2024-10-27 01:00:00,0.549999999999955,1,0.549999999999955
4,"2024-10-27",2,1177.7,"02:00:00",2024-10-27 02:00:00,1.04999999999995,1,1.04999999999995
4,"2024-10-27",3,1176.7,"03:00:00",2024-10-27 03:00:00,1,2,0.5
4,"2024-10-27",4,1176.2,"04:00:00",2024-10-27 04:00:00,0.5,1,0.5
4,"2024-10-27",5,1175.2,"05:00:00",2024-10-27 05:00:00,1,1,1
4,"2024-10-27",6,1174.2,"06:00:00",2024-10-27 06:00:00,1,1,1
4,"2024-10-27",7,1171.7,"07:00:00",2024-10-27 07:00:00,2.5,1,2.5
4,"2024-10-27",8,1167.6,"08:00:00",2024-10-27 08:00:00,4.10000000000014,1,4.10000000000014
4,"2024-10-27",9,1163.6,"09:00:00",2024-10-27 09:00:00,4,1,4
4,"2024-10-27",10,1157.5,"10:00:00",2024-10-27 10:00:00,6.09999999999991,1,6.09999999999991
4,"2024-10-27",11,1150,"11:00:00",2024-10-27 11:00:00,7.5,1,7.5
4,"2024-10-27",12,1143.9,"12:00:00",2024-10-27 12:00:00,6.09999999999991,1,6.09999999999991
4,"2024-10-27",13,1136.8,"13:00:00",2024-10-27 13:00:00,7.10000000000014,1,7.10000000000014
4,"2024-10-27",14,1129.9,"14:00:00",2024-10-27 14:00:00,6.89999999999986,1,6.89999999999986
4,"2024-10-27",15,1114.9,"15:00:00",2024-10-27 15:00:00,15,1,15
4,"2024-10-27",16,1107.3,"16:00:00",2024-10-27 16:00:00,7.60000000000014,1,7.60000000000014
4,"2024-10-27",17,1100.75,"17:00:00",2024-10-27 17:00:00,6.54999999999995,1,6.54999999999995
4,"2024-10-27",18,1095.2,"18:00:00",2024-10-27 18:00:00,5.54999999999995,1,5.54999999999995
4,"2024-10-27",19,1090.1,"19:00:00",2024-10-27 19:00:00,5.10000000000014,1,5.10000000000014
4,"2024-10-27",20,1085.1,"20:00:00",2024-10-27 20:00:00,5,1,5
4,"2024-10-27",21,1081.05,"21:00:00",2024-10-27 21:00:00,4.04999999999995,1,4.04999999999995
4,"2024-10-27",22,1077,"22:00:00",2024-10-27 22:00:00,4.04999999999995,1,4.04999999999995
4,"2024-10-27",23,1075.5,"23:00:00",2024-10-27 23:00:00,1.5,1,1.5
4,"2024-10-28",0,1075.5,"00:00:00",2024-10-28,0,1,0
4,"2024-10-28",1,1075,"01:00:00",2024-10-28 01:00:00,0.5,1,0.5
4,"2024-10-28",2,1074.5,"02:00:00",2024-10-28 02:00:00,0.5,1,0.5
4,"2024-10-28",3,1073.5,"03:00:00",2024-10-28 03:00:00,1,1,1
4,"2024-10-28",4,1073,"04:00:00",2024-10-28 04:00:00,0.5,1,0.5
4,"2024-10-28",5,1072.5,"05:00:00",2024-10-28 05:00:00,0.5,1,0.5
4,"2024-10-28",6,1071.5,"06:00:00",2024-10-28 06:00:00,1,1,1
4,"2024-10-28",7,1067.9,"07:00:00",2024-10-28 07:00:00,3.59999999999991,1,3.59999999999991
4,"2024-10-28",8,1064.9,"08:00:00",2024-10-28 08:00:00,3,1,3
4,"2024-10-28",10,1201.7,"10:00:00",2024-10-28 10:00:00,6.09999999999991,1,6.09999999999991
4,"2024-10-28",11,1193.1,"11:00:00",2024-10-28 11:00:00,8.60000000000014,1,8.60000000000014
4,"2024-10-28",12,1184,"12:00:00",2024-10-28 12:00:00,9.09999999999991,1,9.09999999999991
4,"2024-10-28",13,1174.9,"13:00:00",2024-10-28 13:00:00,9.09999999999991,1,9.09999999999991
4,"2024-10-28",14,1167.4,"14:00:00",2024-10-28 14:00:00,7.5,1,7.5
4,"2024-10-28",15,1160.8,"15:00:00",2024-10-28 15:00:00,6.60000000000014,1,6.60000000000014
4,"2024-10-28",17,1193.4,"17:00:00",2024-10-28 17:00:00,6.09999999999991,1,6.09999999999991
4,"2024-10-28",18,1187.4,"18:00:00",2024-10-28 18:00:00,6,1,6
4,"2024-10-28",19,1181.3,"19:00:00",2024-10-28 19:00:00,6.10000000000014,1,6.10000000000014
4,"2024-10-28",20,1175.75,"20:00:00",2024-10-28 20:00:00,5.54999999999995,1,5.54999999999995
4,"2024-10-28",21,1170.7,"21:00:00",2024-10-28 21:00:00,5.04999999999995,1,5.04999999999995
4,"2024-10-28",22,1165.65,"22:00:00",2024-10-28 22:00:00,5.04999999999995,1,5.04999999999995
4,"2024-10-28",23,1164.1,"23:00:00",2024-10-28 23:00:00,1.55000000000018,1,1.55000000000018
4,"2024-10-29",0,1163.6,"00:00:00",2024-10-29,0.5,1,0.5
4,"2024-10-29",1,1162.6,"01:00:00",2024-10-29 01:00:00,1,1,1
4,"2024-10-29",2,1162.1,"02:00:00",2024-10-29 02:00:00,0.5,1,0.5
4,"2024-10-29",3,1161.1,"03:00:00",2024-10-29 03:00:00,1,1,1
4,"2024-10-29",4,1160.1,"04:00:00",2024-10-29 04:00:00,1,1,1
4,"2024-10-29",5,1159.6,"05:00:00",2024-10-29 05:00:00,0.5,1,0.5
4,"2024-10-29",6,1158.6,"06:00:00",2024-10-29 06:00:00,1,1,1
4,"2024-10-29",7,1155.6,"07:00:00",2024-10-29 07:00:00,3,1,3
4,"2024-10-29",8,1150.5,"08:00:00",2024-10-29 08:00:00,5.09999999999991,1,5.09999999999991
4,"2024-10-29",9,1144.45,"09:00:00",2024-10-29 09:00:00,6.04999999999995,1,6.04999999999995
4,"2024-10-29",10,1137.9,"10:00:00",2024-10-29 10:00:00,6.54999999999995,1,6.54999999999995
4,"2024-10-29",11,1130.8,"11:00:00",2024-10-29 11:00:00,7.10000000000014,1,7.10000000000014
4,"2024-10-29",12,1121.2,"12:00:00",2024-10-29 12:00:00,9.59999999999991,1,9.59999999999991
4,"2024-10-29",13,1110.6,"13:00:00",2024-10-29 13:00:00,10.6000000000001,1,10.6000000000001
4,"2024-10-29",14,1102,"14:00:00",2024-10-29 14:00:00,8.59999999999991,1,8.59999999999991
4,"2024-10-29",16,1197,"16:00:00",2024-10-29 16:00:00,5,1,5
4,"2024-10-29",17,1190.9,"17:00:00",2024-10-29 17:00:00,6.09999999999991,1,6.09999999999991
4,"2024-10-29",18,1185,"18:00:00",2024-10-29 18:00:00,5.90000000000009,1,5.90000000000009
4,"2024-10-29",19,1178.9,"19:00:00",2024-10-29 19:00:00,6.09999999999991,1,6.09999999999991
4,"2024-10-29",20,1172.4,"20:00:00",2024-10-29 20:00:00,6.5,1,6.5
4,"2024-10-29",21,1166.3,"21:00:00",2024-10-29 21:00:00,6.10000000000014,1,6.10000000000014
4,"2024-10-29",22,1161.25,"22:00:00",2024-10-29 22:00:00,5.04999999999995,1,5.04999999999995
4,"2024-10-29",23,1158.7,"23:00:00",2024-10-29 23:00:00,2.54999999999995,1,2.54999999999995
4,"2024-10-30",0,1157.7,"00:00:00",2024-10-30,1,1,1
4,"2024-10-30",1,1156.7,"01:00:00",2024-10-30 01:00:00,1,1,1
4,"2024-10-30",2,1155.7,"02:00:00",2024-10-30 02:00:00,1,1,1
4,"2024-10-30",3,1154.7,"03:00:00",2024-10-30 03:00:00,1,1,1
4,"2024-10-30",4,1153.7,"04:00:00",2024-10-30 04:00:00,1,1,1
4,"2024-10-30",5,1153.2,"05:00:00",2024-10-30 05:00:00,0.5,1,0.5
4,"2024-10-30",6,1152.2,"06:00:00",2024-10-30 06:00:00,1,1,1
4,"2024-10-30",7,1148.6,"07:00:00",2024-10-30 07:00:00,3.60000000000014,1,3.60000000000014
4,"2024-10-30",8,1143.6,"08:00:00",2024-10-30 08:00:00,5,1,5
4,"2024-10-30",9,1138,"09:00:00",2024-10-30 09:00:00,5.59999999999991,1,5.59999999999991
4,"2024-10-30",10,1131.45,"10:00:00",2024-10-30 10:00:00,6.54999999999995,1,6.54999999999995
4,"2024-10-30",11,1124.4,"11:00:00",2024-10-30 11:00:00,7.04999999999995,1,7.04999999999995
4,"2024-10-30",12,1116.3,"12:00:00",2024-10-30 12:00:00,8.10000000000014,1,8.10000000000014
4,"2024-10-30",13,1107.7,"13:00:00",2024-10-30 13:00:00,8.59999999999991,1,8.59999999999991
4,"2024-10-30",14,1098.6,"14:00:00",2024-10-30 14:00:00,9.10000000000014,1,9.10000000000014
4,"2024-10-30",15,1090.05,"15:00:00",2024-10-30 15:00:00,8.54999999999995,1,8.54999999999995
4,"2024-10-30",17,1196.8,"17:00:00",2024-10-30 17:00:00,5.60000000000014,1,5.60000000000014
4,"2024-10-30",18,1189.75,"18:00:00",2024-10-30 18:00:00,7.04999999999995,1,7.04999999999995
4,"2024-10-30",19,1182.7,"19:00:00",2024-10-30 19:00:00,7.04999999999995,1,7.04999999999995
4,"2024-10-30",20,1175.6,"20:00:00",2024-10-30 20:00:00,7.10000000000014,1,7.10000000000014
4,"2024-10-30",21,1169.55,"21:00:00",2024-10-30 21:00:00,6.04999999999995,1,6.04999999999995
4,"2024-10-30",22,1164,"22:00:00",2024-10-30 22:00:00,5.54999999999995,1,5.54999999999995
4,"2024-10-30",23,1162,"23:00:00",2024-10-30 23:00:00,2,1,2
4,"2024-10-31",0,1161,"00:00:00",2024-10-31,1,1,1
4,"2024-10-31",1,1160,"01:00:00",2024-10-31 01:00:00,1,1,1
4,"2024-10-31",2,1159,"02:00:00",2024-10-31 02:00:00,1,1,1
4,"2024-10-31",3,1157.9,"03:00:00",2024-10-31 03:00:00,1.09999999999991,1,1.09999999999991
4,"2024-10-31",4,1157.4,"04:00:00",2024-10-31 04:00:00,0.5,1,0.5
4,"2024-10-31",5,1156.9,"05:00:00",2024-10-31 05:00:00,0.5,1,0.5
4,"2024-10-31",6,1155.9,"06:00:00",2024-10-31 06:00:00,1,1,1
4,"2024-10-31",7,1152.4,"07:00:00",2024-10-31 07:00:00,3.5,1,3.5
4,"2024-10-31",8,1147.3,"08:00:00",2024-10-31 08:00:00,5.10000000000014,1,5.10000000000014
4,"2024-10-31",9,1140.8,"09:00:00",2024-10-31 09:00:00,6.5,1,6.5
4,"2024-10-31",11,1193.7,"11:00:00",2024-10-31 11:00:00,5.5,1,5.5
4,"2024-10-31",12,1183.05,"12:00:00",2024-10-31 12:00:00,10.6500000000001,1,10.6500000000001
4,"2024-10-31",13,1171.7,"13:00:00",2024-10-31 13:00:00,11.3499999999999,1,11.3499999999999
4,"2024-10-31",14,1161.6,"14:00:00",2024-10-31 14:00:00,10.1000000000001,1,10.1000000000001
4,"2024-10-31",15,1153.5,"15:00:00",2024-10-31 15:00:00,8.09999999999991,1,8.09999999999991
4,"2024-10-31",16,1144.4,"16:00:00",2024-10-31 16:00:00,9.09999999999991,1,9.09999999999991
4,"2024-10-31",17,1135.8,"17:00:00",2024-10-31 17:00:00,8.60000000000014,1,8.60000000000014
4,"2024-10-31",18,1128.2,"18:00:00",2024-10-31 18:00:00,7.59999999999991,1,7.59999999999991
4,"2024-10-31",19,1121.2,"19:00:00",2024-10-31 19:00:00,7,1,7
4,"2024-10-31",20,1114.6,"20:00:00",2024-10-31 20:00:00,6.60000000000014,1,6.60000000000014
4,"2024-10-31",21,1108.5,"21:00:00",2024-10-31 21:00:00,6.09999999999991,1,6.09999999999991
4,"2024-10-31",22,1103.5,"22:00:00",2024-10-31 22:00:00,5,1,5
4,"2024-10-31",23,1101,"23:00:00",2024-10-31 23:00:00,2.5,1,2.5
4,"2024-11-01",0,1101,"00:00:00",2024-11-01,0,1,0
4,"2024-11-01",1,1100,"01:00:00",2024-11-01 01:00:00,1,1,1
4,"2024-11-01",2,1099.45,"02:00:00",2024-11-01 02:00:00,0.549999999999955,1,0.549999999999955
4,"2024-11-01",3,1098.9,"03:00:00",2024-11-01 03:00:00,0.549999999999955,1,0.549999999999955
4,"2024-11-01",4,1097.9,"04:00:00",2024-11-01 04:00:00,1,1,1
4,"2024-11-01",5,1097.4,"05:00:00",2024-11-01 05:00:00,0.5,1,0.5
4,"2024-11-01",6,1096.9,"06:00:00",2024-11-01 06:00:00,0.5,1,0.5
4,"2024-11-01",7,1092.4,"07:00:00",2024-11-01 07:00:00,4.5,1,4.5
4,"2024-11-01",8,1086.8,"08:00:00",2024-11-01 08:00:00,5.60000000000014,1,5.60000000000014
4,"2024-11-01",9,1080.8,"09:00:00",2024-11-01 09:00:00,6,1,6
4,"2024-11-01",10,1074.65,"10:00:00",2024-11-01 10:00:00,6.14999999999986,1,6.14999999999986
4,"2024-11-01",11,1067.5,"11:00:00",2024-11-01 11:00:00,7.15000000000009,1,7.15000000000009
4,"2024-11-01",12,1060.45,"12:00:00",2024-11-01 12:00:00,7.04999999999995,1,7.04999999999995
4,"2024-11-01",13,1052.9,"13:00:00",2024-11-01 13:00:00,7.54999999999995,1,7.54999999999995
4,"2024-11-01",14,1046.3,"14:00:00",2024-11-01 14:00:00,6.60000000000014,1,6.60000000000014
4,"2024-11-01",15,1038.7,"15:00:00",2024-11-01 15:00:00,7.59999999999991,1,7.59999999999991
4,"2024-11-01",16,1032.15,"16:00:00",2024-11-01 16:00:00,6.54999999999995,1,6.54999999999995
4,"2024-11-01",17,1025.6,"17:00:00",2024-11-01 17:00:00,6.55000000000018,1,6.55000000000018
4,"2024-11-01",18,1019.5,"18:00:00",2024-11-01 18:00:00,6.09999999999991,1,6.09999999999991
4,"2024-11-01",19,1013.5,"19:00:00",2024-11-01 19:00:00,6,1,6
4,"2024-11-01",20,1007.9,"20:00:00",2024-11-01 20:00:00,5.60000000000002,1,5.60000000000002
4,"2024-11-01",21,1002.35,"21:00:00",2024-11-01 21:00:00,5.55000000000007,1,5.55000000000007
4,"2024-11-01",22,998.3,"22:00:00",2024-11-01 22:00:00,4.04999999999995,1,4.04999999999995
4,"2024-11-01",23,996.8,"23:00:00",2024-11-01 23:00:00,1.5,1,1.5
4,"2024-11-02",0,996.8,"00:00:00",2024-11-02,0,1,0
4,"2024-11-02",1,995.8,"01:00:00",2024-11-02 01:00:00,1,1,1
4,"2024-11-02",2,995.3,"02:00:00",2024-11-02 02:00:00,0.5,1,0.5
4,"2024-11-02",3,994.8,"03:00:00",2024-11-02 03:00:00,0.5,1,0.5
4,"2024-11-02",4,993.8,"04:00:00",2024-11-02 04:00:00,1,1,1
4,"2024-11-02",5,993.8,"05:00:00",2024-11-02 05:00:00,0,1,0
4,"2024-11-02",6,992.8,"06:00:00",2024-11-02 06:00:00,1,1,1
4,"2024-11-02",7,989.2,"07:00:00",2024-11-02 07:00:00,3.59999999999991,1,3.59999999999991
4,"2024-11-02",8,984.2,"08:00:00",2024-11-02 08:00:00,5,1,5
4,"2024-11-02",9,979.1,"09:00:00",2024-11-02 09:00:00,5.10000000000002,1,5.10000000000002
4,"2024-11-02",10,973.1,"10:00:00",2024-11-02 10:00:00,6,1,6
4,"2024-11-02",11,967.5,"11:00:00",2024-11-02 11:00:00,5.60000000000002,1,5.60000000000002
4,"2024-11-02",12,960.4,"12:00:00",2024-11-02 12:00:00,7.10000000000002,1,7.10000000000002
4,"2024-11-02",13,954.9,"13:00:00",2024-11-02 13:00:00,5.5,1,5.5
4,"2024-11-02",14,948.3,"14:00:00",2024-11-02 14:00:00,6.60000000000002,1,6.60000000000002
4,"2024-11-02",15,942.25,"15:00:00",2024-11-02 15:00:00,6.04999999999995,1,6.04999999999995
4,"2024-11-02",16,936.7,"16:00:00",2024-11-02 16:00:00,5.54999999999995,1,5.54999999999995
4,"2024-11-02",17,931.6,"17:00:00",2024-11-02 17:00:00,5.10000000000002,1,5.10000000000002
4,"2024-11-02",18,926.6,"18:00:00",2024-11-02 18:00:00,5,1,5
4,"2024-11-02",19,921.5,"19:00:00",2024-11-02 19:00:00,5.10000000000002,1,5.10000000000002
4,"2024-11-02",20,917.5,"20:00:00",2024-11-02 20:00:00,4,1,4
4,"2024-11-02",21,913.45,"21:00:00",2024-11-02 21:00:00,4.04999999999995,1,4.04999999999995
4,"2024-11-02",22,910.4,"22:00:00",2024-11-02 22:00:00,3.05000000000007,1,3.05000000000007
4,"2024-11-02",23,908.9,"23:00:00",2024-11-02 23:00:00,1.5,1,1.5
4,"2024-11-03",0,908.9,"00:00:00",2024-11-03,0,1,0
4,"2024-11-03",1,908.9,"01:00:00",2024-11-03 01:00:00,0,1,0
4,"2024-11-03",2,907.9,"02:00:00",2024-11-03 02:00:00,1,1,1
4,"2024-11-03",3,907.9,"03:00:00",2024-11-03 03:00:00,0,1,0
4,"2024-11-03",4,906.9,"04:00:00",2024-11-03 04:00:00,1,1,1
4,"2024-11-03",5,906.9,"05:00:00",2024-11-03 05:00:00,0,1,0
4,"2024-11-03",6,905.9,"06:00:00",2024-11-03 06:00:00,1,1,1
4,"2024-11-03",7,903.35,"07:00:00",2024-11-03 07:00:00,2.55000000000007,1,2.55000000000007
4,"2024-11-03",8,899.3,"08:00:00",2024-11-03 08:00:00,4.04999999999995,1,4.04999999999995
4,"2024-11-03",9,895.25,"09:00:00",2024-11-03 09:00:00,4.04999999999995,1,4.04999999999995
4,"2024-11-03",11,1054.9,"11:00:00",2024-11-03 11:00:00,5.09999999999991,1,5.09999999999991
4,"2024-11-03",12,1047.8,"12:00:00",2024-11-03 12:00:00,7.10000000000014,1,7.10000000000014
4,"2024-11-03",13,1040.8,"13:00:00",2024-11-03 13:00:00,7,1,7
4,"2024-11-03",14,1032.2,"14:00:00",2024-11-03 14:00:00,8.59999999999991,1,8.59999999999991
4,"2024-11-03",15,1023.6,"15:00:00",2024-11-03 15:00:00,8.60000000000014,1,8.60000000000014
4,"2024-11-03",16,1016.5,"16:00:00",2024-11-03 16:00:00,7.09999999999991,1,7.09999999999991
4,"2024-11-03",17,1010,"17:00:00",2024-11-03 17:00:00,6.5,1,6.5
4,"2024-11-03",18,1003.9,"18:00:00",2024-11-03 18:00:00,6.10000000000002,1,6.10000000000002
4,"2024-11-03",19,998.35,"19:00:00",2024-11-03 19:00:00,5.55000000000007,1,5.55000000000007
4,"2024-11-03",20,992.8,"20:00:00",2024-11-03 20:00:00,5.54999999999995,1,5.54999999999995
4,"2024-11-03",21,987.7,"21:00:00",2024-11-03 21:00:00,5.09999999999991,1,5.09999999999991
4,"2024-11-03",22,983.7,"22:00:00",2024-11-03 22:00:00,4,1,4
4,"2024-11-03",23,982.2,"23:00:00",2024-11-03 23:00:00,1.5,1,1.5
4,"2024-11-04",0,981.2,"00:00:00",2024-11-04,1,1,1
4,"2024-11-04",1,980.2,"01:00:00",2024-11-04 01:00:00,1,1,1
4,"2024-11-04",2,979.7,"02:00:00",2024-11-04 02:00:00,0.5,1,0.5
4,"2024-11-04",3,979.2,"03:00:00",2024-11-04 03:00:00,0.5,1,0.5
4,"2024-11-04",4,978.1,"04:00:00",2024-11-04 04:00:00,1.10000000000002,1,1.10000000000002
4,"2024-11-04",5,978.1,"05:00:00",2024-11-04 05:00:00,0,1,0
4,"2024-11-04",6,977.6,"06:00:00",2024-11-04 06:00:00,0.5,1,0.5
4,"2024-11-04",7,974.6,"07:00:00",2024-11-04 07:00:00,3,1,3
4,"2024-11-04",8,970.6,"08:00:00",2024-11-04 08:00:00,4,1,4
4,"2024-11-04",9,966.5,"09:00:00",2024-11-04 09:00:00,4.10000000000002,1,4.10000000000002
4,"2024-11-04",10,961.2,"10:00:00",2024-11-04 10:00:00,5.29999999999995,1,5.29999999999995
4,"2024-11-04",11,955.6,"11:00:00",2024-11-04 11:00:00,5.60000000000002,1,5.60000000000002
